SNo,Name,Category,Unit Price,Aliases,Image URL,Visual Keywords,StockQty
1001,aadhar oil 13 kg tin,Oil & Ghee,1150,aadhar oil 13 kg tin,https://share.google/b1KjZuXrA6cbww0lA,aadhar oil 13 kg tin,17
1002,aashirwad salt,Salt,32,aashirwad salt,https://share.google/lwno9oqvvpk803pY1,aashirwad salt,15
1003,abida basmati rice - l,Rice,100,"biryani, abida basmati rice",https://share.google/GntLu67voKdZHzMcp,abida basmati rice,20
1004,ajwain,Spices,32,ajwain,https://share.google/480ZMqTfSIXOgJ522,ajwain,20
1005,almond whole,Dry Fruits,820,almond whole,https://share.google/Iz6B1fCTy6U5B81CH,almond whole,20
1006,amul butter 500g,Dairy,230,amul butter 500g,https://assets.hyperpure.com/data/images/products/03669d1e950fd601fd7963fc6827201e.jpg,amul butter 500g,20
1007,amul butter unsalted 500g,Dairy,290,amul butter unsalted 500g,https://share.google/PSPH5q76MDSkjvFs8,amul butter unsalted 500g,20
1008,amul ghee 1kg,Dairy,565,amul ghee 1kg,,amul ghee 1kg,14
1009,amul milk powder 1kg,Spices,445,"kheer, gulab jamun, amul milk powder",,amul milk powder 1kg,20
1010,aniseed - sounf - barik,Spices,48,"sounf, aniseed, barik",,aniseed,20
1011,aniseed - sounf - moti,Spices,48,"sounf, aniseed, moti",,aniseed,20
1012,atta ashirwad,Flour,58,"roti, chapati, paratha, atta ashirwad",,atta ashirwad,20
1013,atta ashirwad - 25kg,Flour,1150,"atta ashirwad, 25kg",,atta ashirwad,20
1014,bay leaf - tejpatta,Flour,82,"tejpatta, bay leaf",,bay leaf,20
1015,besan flour - l,Flour,92,"pakora, pakoda, kadhi, ladoo, bhaji, besan flour",,besan flour,20
1016,cardamom black,Spices,210,cardamom black,,cardamom black,20
1017,cardamom green whole,Spices,720,cardamom green whole,,cardamom green whole,20
1018,cashew broken 8pcs,Dry Fruits,720,cashew broken 8pcs,,cashew broken 8pcs,20
1019,cashewnut broken 12pc,Dry Fruits,665,cashewnut broken 12pc,,cashewnut broken 12pc,20
1020,cashewnut broken 4pec,Dry Fruits,760,cashewnut broken 4pec,,cashewnut broken 4pec,20
1021,cashewnut split - 2pc,Dry Fruits,735,"2pc, cashewnut split",,cashewnut split,20
1022,cashewnut whole,Dry Fruits,860,cashewnut whole,,cashewnut whole,20
1023,chana whole black - l,Pulses,105,chana whole black,,chana whole black,20
1024,charmagaz,Dry Fruits,360,charmagaz,,charmagaz,20
1025,chilly powder red - sri co,Spices,125,"chilly powder red, sri co",,chilly powder red,20
1026,chilly powder red - swastik,Spices,115,"chilly powder red, swastik",,chilly powder red,20
1027,cinnamam - dalchini,Spices,125,"cinnamam, dalchini",,cinnamam,20
1028,cloves - loung,Spices,310,"loung, cloves",,cloves,20
1029,coriander powder - sri co,Spices,105,"coriander powder, sri co",,coriander powder,20
1030,coriander powder - swastik,Spices,95,"swastik, coriander powder",,coriander powder,20
1031,dal black udad whole - l,Pulses,135,dal black udad whole,,dal black udad whole,19
1032,dal chana - l,Pulses,85,dal chana,,dal chana,19
1033,dal green moong whole - l,Pulses,115,dal green moong whole,,dal green moong whole,19
1034,dal kabula chana spl - l,Pulses,125,"chole, chhole, dal kabula chana spl",,dal kabula chana spl,18
1035,dal kabuli chana - l,Pulses,118,"chole, chhole, dal kabuli chana",,dal kabuli chana,17
1036,dal lobiya chowli - l,Pulses,92,dal lobiya chowli,,dal lobiya chowli,17
1037,dal rajama black - p,Pulses,135,"rajma, dal rajama black",,dal rajama black,18
1038,dal toor - l,Pulses,125,"sambar, sambhar, rasam, dal toor",,dal toor,15
1039,dal udad whole white - l,Pulses,135,dal udad whole white,,dal udad whole white,18
1040,dalchini spl - bd,Spices,155,dalchini spl,,dalchini spl,20
1041,dall moong yellow - l,Pulses,115,dall moong yellow,,dall moong yellow,20
1042,dawat royal xxxl basmati rice - l,Rice,225,"biryani, dawat royal xxxl basmati rice",,dawat royal xxxl basmati rice,18
1043,foodcoast mayonaise lite 1kg,Condiments,225,foodcoast mayonaise lite 1kg,,foodcoast mayonaise lite 1kg,20
1044,fortune atta - l,Flour,58,"roti, chapati, paratha, fortune atta",,fortune atta,20
1045,fortune sonamasoori rice - l,Rice,88,fortune sonamasoori rice,,fortune sonamasoori rice,20
1046,freedom oil 15kg tin,Oil & Ghee,2100,freedom oil 15kg tin,,freedom oil 15kg tin,20
1047,frozen green peas,Miscellaneous,105,frozen green peas,,frozen green peas,20
1048,fryola oil 15 ltr tin,Oil & Ghee,2050,fryola oil 15 ltr tin,,fryola oil 15 ltr tin,8
1049,gc tomato sauce 5kg,Condiments,460,gc tomato sauce 5kg,,gc tomato sauce 5kg,10
1050,ghee pure heritage 1l,Dairy,560,ghee pure heritage 1l,,ghee pure heritage 1l,5
1051,ghee pure vijaya 1l,Dairy,545,ghee pure vijaya 1l,,ghee pure vijaya 1l,8
1052,gold drop oil tin 15l,Oil & Ghee,1980,gold drop oil tin 15l,,gold drop oil tin 15l,10
1053,grb ghee pure 1kg,Dairy,555,grb ghee pure 1kg,,grb ghee pure 1kg,0
1054,idly rawa - l,Flour,72,"idli, dosa, idly rawa",,idly rawa,0
1055,jaggery,Sugar & Sweeteners,82,jaggery,,jaggery,10
1056,jeera - cumin seeds,Spices,205,"cumin seeds, jeera",,jeera,10
1057,jeera powder - sri co,Spices,105,"jeera powder, sri co",,jeera powder,10
1058,kababchini,Miscellaneous,205,kababchini,,kababchini,10
1059,kalonji - onion seeds,Spices,65,"onion seeds, kalonji",,kalonji,10
1060,kasoori methi 1kg,Miscellaneous,358,kasoori methi 1kg,,kasoori methi 1kg,10
1061,kohinoor 3xl basmati rice,Rice,205,"biryani, kohinoor 3xl basmati rice",,kohinoor 3xl basmati rice,10
1062,lalitha pooja hmt rice - l,Rice,72,lalitha pooja hmt rice,,lalitha pooja hmt rice,5
1063,maida flour - blue bird,Flour,52,"naan, bhatura, puri, blue bird, maida flour",,maida flour,10
1064,maida flour - fortune,Flour,56,"fortune, maida flour",,maida flour,10
1065,maida flour sl - nb,Flour,50,maida flour sl,,maida flour sl,10
1066,mayonaise - del monte 1 kg,Condiments,285,"mayonaise, del monte 1 kg",,mayonaise,10
1067,mdh chana masala 100g,Spices,71,mdh chana masala 100g,,mdh chana masala 100g,10
1068,mdh chat masala 100g,Spices,72,mdh chat masala 100g,,mdh chat masala 100g,10
1069,mdh deggi mirchi 100g,Spices,82,mdh deggi mirchi 100g,,mdh deggi mirchi 100g,10
1070,mdh deggi mirchi 500g,Spices,355,mdh deggi mirchi 500g,,mdh deggi mirchi 500g,10
1071,mdh jeera powder 100g,Spices,72,mdh jeera powder 100g,,mdh jeera powder 100g,10
1072,mdh kashmiri mirch pow 100g,Miscellaneous,82,mdh kashmiri mirch pow 100g,,mdh kashmiri mirch pow 100g,10
1073,mdh kitchen king 100g,Miscellaneous,82,mdh kitchen king 100g,,mdh kitchen king 100g,0
1074,methi seeds,Spices,52,methi seeds,,methi seeds,10
1075,milky mist paneer 1kg,Dairy,390,"biryani, milky mist paneer",,milky mist paneer 1kg,5
1076,mustard seeds,Spices,82,mustard seeds,,mustard seeds,10
1077,nieu mayonaise 1kg,Condiments,205,nieu mayonaise 1kg,,nieu mayonaise 1kg,10
1078,palm oil 1ltr,Oil & Ghee,132,palm oil 1ltr,,palm oil 1ltr,10
1079,pathar ka phool,Miscellaneous,155,pathar ka phool,,pathar ka phool,10
1080,peanuts raw plain,Dry Fruits,125,peanuts raw plain,,peanuts raw plain,10
1081,peanuts raw plain - big,Dry Fruits,145,"peanuts raw plain, big",,peanuts raw plain,0
1082,peanuts roasted plain,Dry Fruits,165,peanuts roasted plain,,peanuts roasted plain,10
1083,pepper whole black,Spices,205,pepper whole black,,pepper whole black,10
1084,poppy seeds,Spices,155,poppy seeds,,poppy seeds,10
1085,raag gold palm oil 15 kg,Oil & Ghee,1750,raag gold palm oil 15 kg,,raag gold palm oil 15 kg,10
1086,raggi flour - l,Flour,82,raggi flour,,raggi flour,10
1087,rajama white - l,Pulses,135,"rajma, rajama white",,rajama white,10
1088,refined oil - aadhar,Oil & Ghee,155,"aadhar, refined oil",,refined oil,10
1089,refined oil - freedom 1l,Oil & Ghee,145,"freedom 1l, refined oil",,refined oil,10
90,refined oil - fryola 1l,Oil & Ghee,142,"fryola 1l, refined oil",,refined oil,10
1091,refined oil - gold drop 1l,Oil & Ghee,148,"gold drop 1l, refined oil",,refined oil,10
1092,rice - hmt - lt - l,Rice,68,"hmt, rice",,rice,5
1093,rice - hmt - mahateja - l,Rice,73,"mahateja, hmt, rice",,rice,5
1094,rice pressed - poha - l,Rice,62,"rice pressed, poha",,rice pressed,0
1095,rice staff - l,Rice,65,rice staff,,rice staff,10
1096,salt powder - ankur,Spices,32,"ankur, salt powder",,salt powder,20
1097,shahjeera,Spices,155,"biryani, shahjeera",,shahjeera,30
1098,star aniseed,Spices,105,star aniseed,,star aniseed,30
1099,sugar grain,Sugar & Sweeteners,52,sugar grain,,sugar grain,30
1100,suji rawa - l,Flour,67,"halwa, sheera, upma, suji rawa",,suji rawa,30
1101,sweet corn - frozen,Miscellaneous,105,"frozen, sweet corn",,sweet corn,30
1102,tata salt,Salt,28,tata salt,,tata salt,28
1103,tilli black,Miscellaneous,105,tilli black,,tilli black,30
1104,tilli brown,Miscellaneous,105,tilli brown,,tilli brown,30
1105,tilli white - sesame seed,Spices,105,"sesame seed, tilli white",,tilli white,30
1106,tomato sauce - del monte 900g,Condiments,185,"tomato sauce, del monte 900g",,tomato sauce,30
1107,turmeric powder - sri co,Spices,105,"turmeric powder, sri co",,turmeric powder,30
1108,turmeric powder - swastik,Spices,95,"turmeric powder, swastik",,turmeric powder,30
1109,udad dall - l,Pulses,125,udad dall,,udad dall,30
1110,unity basmati rice - l,Rice,102,"biryani, unity basmati rice",,unity basmati rice,25
1111,veeba tomato sauce 900g,Condiments,185,veeba tomato sauce 900g,,veeba tomato sauce 900g,30
1112,vintage malai paneer 1kg,Dairy,360,"biryani, vintage malai paneer",,vintage malai paneer 1kg,27
1113,vintage premium paneer 1kg,Dairy,390,"biryani, vintage premium paneer",,vintage premium paneer 1kg,15
1114,yellow chilly powder,Spices,125,yellow chilly powder,,yellow chilly powder,30
1115,3 mango mirchi powder,Spices,105,3 mango mirchi powder,,3 mango mirchi powder,30
1116,521 xxxl basmati rice,Rice,205,"biryani, 521 xxxl basmati rice",,521 xxxl basmati rice,30
1117,777 nannari syrup 750ml,Beverages,185,777 nannari syrup 750ml,,777 nannari syrup 750ml,30
1118,777 sambar masala 100g,Spices,62,"sambar, sambhar, 777 sambar masala",,777 sambar masala 100g,30
1119,999 kesar yellow a.foil 1kg,Oil & Ghee,420,999 kesar yellow a.foil 1kg,,999 kesar yellow a.foil 1kg,30
1120,aachi chicken masala,Spices,82,aachi chicken masala,,aachi chicken masala,28
1121,aachi super garam masala,Spices,82,"tikka, korma, biryani, aachi super garam masala",,aachi super garam masala,30
1122,aadhar oil 15 ltr tin,Oil & Ghee,1320,aadhar oil 15 ltr tin,,aadhar oil 15 ltr tin,30
1123,aam papad,Miscellaneous,85,aam papad,,aam papad,30
1124,aashirvaad atta multigrain 5kg,Flour,315,aashirvaad atta multigrain 5kg,,aashirvaad atta multigrain 5kg,30
1125,abida basmati rice - l,Rice,100,abida basmati rice,,abida basmati rice,20
1126,ace ginger powder,Spices,65,ace ginger powder,,ace ginger powder,30
1127,ag barbeque sauce,Condiments,155,ag barbeque sauce,,ag barbeque sauce,30
1128,agnesi fusilli pasta,Pasta & Noodles,185,"pasta, noodles, agnesi fusilli pasta",,agnesi fusilli pasta,30
1129,agnesi penne pasta,Pasta & Noodles,185,"pasta, noodles, agnesi penne pasta",,agnesi penne pasta,30
1130,agnesi spaghetti,Pasta & Noodles,185,"pasta, noodles, spaghetti, agnesi spaghetti",,agnesi spaghetti,30
1131,ajinomotto,Miscellaneous,52,ajinomotto,,ajinomotto,30
1132,amul butter chiplets,Dairy,255,amul butter chiplets,,amul butter chiplets,30
133,amul cheese block,Dairy,385,amul cheese block,,amul cheese block,30
1134,amul cheese slice,Dairy,185,amul cheese slice,,amul cheese slice,30
1135,amul fresh cream,Dairy,92,amul fresh cream,,amul fresh cream,30
1136,amul mozzarella cheese,Dairy,365,amul mozzarella cheese,,amul mozzarella cheese,30
1137,baby corn tin,Miscellaneous,125,baby corn tin,,baby corn tin,30
1138,baking soda,Miscellaneous,42,baking soda,,baking soda,30
1139,bambino vermicelli,Pasta & Noodles,65,"payasam, kheer, sevai, bambino vermicelli",,bambino vermicelli,30
1140,black pepper powder,Spices,185,black pepper powder,,black pepper powder,30
1141,boost,Miscellaneous,490,boost,,boost,30
1142,bournavita,Miscellaneous,490,bournavita,,bournavita,30
1143,bru coffee,Miscellaneous,310,"coffee, kaapi, bru coffee",,bru coffee,30
1144,cashew powder,Spices,310,cashew powder,,cashew powder,50
1145,catch chana masala,Spices,72,catch chana masala,,catch chana masala,48
1146,catch meat masala,Spices,82,"kebab, kabab, tikka, catch meat masala",,catch meat masala,50
1147,catch sambar masala,Spices,72,"sambar, sambhar, catch sambar masala",,catch sambar masala,50
1148,chings dark soya sauce,Condiments,82,chings dark soya sauce,,chings dark soya sauce,50
1149,chings green chilli sauce,Condiments,82,chings green chilli sauce,,chings green chilli sauce,50
1150,chings red chilli sauce,Condiments,82,chings red chilli sauce,,chings red chilli sauce,50
1151,chings schezwan chutney,Condiments,105,chings schezwan chutney,,chings schezwan chutney,50
1152,coca cola,Beverages,48,coca cola,,coca cola,50
1153,coconut milk,Dairy,95,coconut milk,,coconut milk,50
1154,coconut oil,Oil & Ghee,175,coconut oil,,coconut oil,50
1155,coffee powder,Spices,155,coffee powder,,coffee powder,50
1156,corn flour,Flour,82,corn flour,,corn flour,50
1157,custard powder,Spices,82,custard powder,,custard powder,50
1158,dark choco chips,Miscellaneous,310,dark choco chips,,dark choco chips,50
1159,deepam oil,Oil & Ghee,105,deepam oil,,deepam oil,50
1160,diet coke,Beverages,48,diet coke,,diet coke,50
1161,ginger garlic paste,Condiments,82,ginger garlic paste,,ginger garlic paste,50
1162,hmt rice,Rice,68,hmt rice,,hmt rice,50
1163,icing sugar,Sugar & Sweeteners,82,icing sugar,,icing sugar,50
1164,india gate classic rice,Rice,185,"biryani, india gate classic rice",,india gate classic rice,50
1165,kissan tomato sauce,Condiments,105,kissan tomato sauce,,kissan tomato sauce,50
1166,lychee tin,Miscellaneous,155,lychee tin,,lychee tin,50
1167,mango pulp,Miscellaneous,85,mango pulp,,mango pulp,50
1168,nestle milkmaid,Dairy,145,nestle milkmaid,,nestle milkmaid,50
1169,paneer tofu,Dairy,125,"biryani, paneer tofu",,paneer tofu,45
1170,piri piri seasoning,Miscellaneous,125,piri piri seasoning,,piri piri seasoning,50
1171,real juice mixed,Beverages,85,real juice mixed,,real juice mixed,50
1172,real juice orange,Beverages,85,real juice orange,,real juice orange,50
1173,real juice pineapple,Beverages,85,real juice pineapple,,real juice pineapple,50
1174,red bull,Beverages,135,red bull,,red bull,50
1175,red label tea,Miscellaneous,225,"chai, tea, red label tea",,red label tea,50
1176,rose water,Miscellaneous,82,rose water,,rose water,50
1177,saffron,Spices,520,saffron,,saffron,50
1178,tabasco sauce,Condiments,205,tabasco sauce,,tabasco sauce,50
1179,tamarind paste,Condiments,72,tamarind paste,,tamarind paste,50
1180,tomato paste,Condiments,82,tomato paste,,tomato paste,50
1181,vanilla essence,Miscellaneous,65,vanilla essence,,vanilla essence,50
1182,water chestnut,Miscellaneous,155,water chestnut,,water chestnut,50
1183,wheat starch,Flour,92,wheat starch,,wheat starch,50
1184,whipping cream,Dairy,210,whipping cream,,whipping cream,50
1185,white chocolate slab,Beverages,310,white chocolate slab,,white chocolate slab,50
1186,white peas dry,Miscellaneous,82,white peas dry,,white peas dry,50
1187,white pepper powder,Spices,165,white pepper powder,,white pepper powder,50
1188,yeast,Miscellaneous,65,yeast,,yeast,50
1189,abida basmati rice - lajwain,Rice,105,"biryani, abida basmati rice - lajwain",,abida basmati rice - lajwain,50
1190,kandi podi 3kg,Spices,680,kandi podi,https://share.google/KandiPodi3Kg,kandi podi,50
1191,badshah pav bhaji masala,Spices,250,badshah pav bhaji masala,,pav bhaji masala,50
1192,sabudana (sago),Miscellaneous,85,sago sabudana,https://drive.google.com/file/d/1m3JYn218LnX14c9QDjwFEqkivDjlT3iv/view?usp=sharing,sabudana,50
1193,Mutmec,Others,0,mutmec,https://drive.google.com/file/d/1yr5gk25FxsqThVOtfD6NSB8VrbQo_Pg8/view,mutmec,0
1194,Double Beans,Pulses & Dals,0,double beans,https://drive.google.com/file/d/1yKuZlIAu-Q5fYQDXyivD7wJs7j5dHyPH/view,double beans,0
1195,Navchetan tea,Tea & Coffee,0,navchetan tea,https://drive.google.com/file/d/1z1vWY8-KP6U5iAs2BvnzWmSZxHUmlT-5/view,navchetan tea,0
1196,Orid Rounds,Others,0,orid rounds,https://drive.google.com/file/d/1A9va54G_x1g6eB2oseGDvSQYJVl78W5k/view,orid rounds,0
1197,Tomato Ketchup,Sauces & Pickles,0,tomato ketchup,https://drive.google.com/file/d/1_bDfQ3UIGeqd5-hYcg-nO07Y7YwC_ljM/view,tomato ketchup,0
1198,Milky Mist Khova,Dairy,300,milky mist khova,https://drive.google.com/file/d/1InZlheQzlJcPdFIQJUfndwDmiBV1ZXIQ/view,milky mist khova,0

1199,Chana Dal 5kg,Pulses & Dals,0,chana dal 5kg,https://drive.google.com/file/d/1CQMd_-7i3VG5BaHoO0rMh_9MIMHCb4kQ/view,chana dal 5kg,0
1200,Pulses 30kg,Pulses & Dals,0,pulses 30kg,https://drive.google.com/file/d/1LI-cFnMQObK5ZhEoSwzy1dwRwwAiVMmJ/view,pulses 30kg,0
1201,Moong Dal 50kg,Pulses & Dals,0,moong dal 50kg,https://drive.google.com/file/d/16ohoBr8FZl5SsYrZz3k1oWgNiswhssKr/view,moong dal 50kg,0
1202,King Toor Dal 30kg,Pulses & Dals,0,king toor dal 30kg,https://drive.google.com/file/d/1TbUhP5GX3Vwpmw5yYsJmSnU1R7bXJHkS/view,king toor dal 30kg,0
1203,555,Others,0,555,https://drive.google.com/file/d/1baTQVgMN1ur7apxQDGTx6i09ANMqfNCx/view,555,0
1204,Fortune Chana Dal,Pulses & Dals,0,fortune chana dal,https://drive.google.com/file/d/1sW67nNU6keF_aAHIHWwQ5YF2_PxVOZ6_/view,fortune chana dal,0
1205,Silver Coin 30kg,Others,0,silver coin 30kg,https://drive.google.com/file/d/1W61t4x3RhYcgV9JDBmL9yjZ6ZECqejxE/view,silver coin 30kg,0
1206,Kasturi 30kg,Others,0,kasturi 30kg,https://drive.google.com/file/d/1bbRccBojAbzbAdvAxGFZEHWPOIB2hAAY/view,kasturi 30kg,0
1207,Sooji 50kg,Rice & Flour,0,sooji 50kg,https://drive.google.com/file/d/1A6UB5THlkayoUZWT4bkalM56BEvvAE_m/view,sooji 50kg,0
1208,Kalasam,Others,0,kalasam,https://drive.google.com/file/d/1VMOeoPDDlOAaX56d3n0khmCNMQRRTWHs/view,kalasam,0
1209,Lasagne,Pasta & Noodles,0,lasagne,https://drive.google.com/file/d/1Bi8KY1-M9126MWNPmCUrLoZfiKfIaH1Z/view,lasagne,0
1210,Asafoetida yellow 99Powder,Spices & Masalas,0,asafoetida yellow 99powder,https://drive.google.com/file/d/1T5C-0GGT-JReK2hQUVH9neLsjPA5mzp8/view,asafoetida yellow 99powder,0
1211,Punjab Masala Papad,Spices & Masalas,0,punjab masala papad,https://drive.google.com/file/d/1F1n9pPP7U_ZtR4jL4DwOs0adPpXy5Tqs/view,punjab masala papad,0
1212,Ache Sambhar Powder,Spices & Masalas,0,ache sambhar powder,https://drive.google.com/file/d/1XrttMDOJMG9ugNwaNlkEN_QpB2e2W8le/view,ache sambhar powder,0
1213,Corinder Powder,Spices & Masalas,0,corinder powder,https://drive.google.com/file/d/1A9GX2Zz1tFGwDundW7L4Y_y3D_VrATlU/view,corinder powder,0
1214,Coffee,Tea & Coffee,0,coffee,https://drive.google.com/file/d/1gE3zz1Sy7veq8fekRnk0plAD8nxXV6Bo/view,coffee,0
1215,Coffee Sugar,Tea & Coffee,0,coffee sugar,https://drive.google.com/file/d/1cp56PdVSU8grY5j4Z9tQIATZuZcg1UsF/view,coffee sugar,0
1216,365 Suji,Rice & Flour,0,365 suji,https://drive.google.com/file/d/1EzTaHkhItcPKpj1pKNVS5MZWGh-yXal4/view,365 suji,0
1217,Raw Chai Seed,Tea & Coffee,0,raw chai seed,https://drive.google.com/file/d/127S0739MWF1GAw0l3-SILHTVMFJaUvZp/view,raw chai seed,0
1218,Chironji Seeds,Dry Fruits & Nuts,0,chironji seeds,https://drive.google.com/file/d/1MT9LHoifFZ1XH2JcIiUU6P_fjje6LH0T/view,chironji seeds,0
1219,Triangular Samosa Padpad,Snacks & Papad,0,triangular samosa padpad,https://drive.google.com/file/d/1GmeSW7IzZeccDe36Dp3rodB0jgzZprRY/view,triangular samosa padpad,0
1220,Popcorn Makka,Snacks & Papad,0,popcorn makka,https://drive.google.com/file/d/1xaEHFpirszDMnWNeYv1NAE38f79B4UtG/view,popcorn makka,0
1221,S Mong Spl,Pulses & Dals,0,s mong spl,https://drive.google.com/file/d/1MUMovKtlhLK4u3j0FGuFgfEtkMljBd3G/view,s mong spl,0
1222,Wheat Rava,Rice & Flour,0,wheat rava,https://drive.google.com/file/d/17VvibgQ5KE8KpefYiruMcx2OFSImuAxE/view,wheat rava,0
1223,Khas Khas,Spices & Masalas,0,khas khas,https://drive.google.com/file/d/1iWRajlKB1PlMratfB73Mq4iKnXWMAhaO/view,khas khas,0
1224,Dried Ginger Tools,Spices & Masalas,0,dried ginger tools,https://drive.google.com/file/d/1vgQYJhMpKZNbaaYMf7ztZa1JqhZ5-z1_/view,dried ginger tools,0
1225,Sugar,Sugar & Salt,0,sugar,https://drive.google.com/file/d/1atIO8LEA8YuvdKJcf-SwDAzI9JeLrdXt/view,sugar,0
1226,Hazel Nuts,Dry Fruits & Nuts,0,hazel nuts,https://drive.google.com/file/d/1vPWr7D-TIOFOIg3b9QRKFV35YZMIWbUj/view,hazel nuts,0
1227,Makhana,Dry Fruits & Nuts,0,makhana,https://drive.google.com/file/d/1O-spebzcM7jR2Chpgg1CHar0xIR-ZRL_/view,makhana,0
1228,Kiwi Slice,Others,0,kiwi slice,https://drive.google.com/file/d/1WzB1E7hfl8xohg9AtKXXcOt1-fZ8CCzY/view,kiwi slice,0
1229,Roseberry,Beverages & Syrups,0,roseberry,https://drive.google.com/file/d/1a-aKQIkQjvWiDmoEFs-Sllg7v_9vbQXM/view,roseberry,0
1230,Tutty Fruity R L,Dry Fruits & Nuts,0,tutty fruity r l,https://drive.google.com/file/d/1qjtWOYo6n9zNcTxBpz0jHW32ZOCjWABb/view,tutty fruity r l,0
1231,Amul Mozrella,Dairy,0,amul mozrella,https://drive.google.com/file/d/18FmcRhvAV6r6oTk8rjE-MSu7C5JRV3DA/view,amul mozrella,0
1232,Keer,Others,0,keer,https://drive.google.com/file/d/1D3OEnAhxZrAv_EsVWnuxMdD6_BQDMx8K/view,keer,0
1233,Wheel Fryums,Snacks & Papad,0,wheel fryums,https://drive.google.com/file/d/1BYFRYRZPwd5N492fUXonyDyO9zCy3u08/view,wheel fryums,0
1234,Cholocate Chips,Baking,0,cholocate chips,https://drive.google.com/file/d/18RpSp35zaV2yAa1CXikRD0o2D8GfRT1q/view,cholocate chips,0
1235,Amul Butter Unsalted,Spices & Masalas,0,amul butter unsalted,https://drive.google.com/file/d/1s_cliJQ21LuV4wlpK2Ktqhyay0dd9sEf/view,amul butter unsalted,0
1236,Badi,Snacks & Papad,0,badi,https://drive.google.com/file/d/18nibNTOT-oOrNGSJ38FepaewwGp8o-Mt/view,badi,0
1237,Wheat Whole,Rice & Flour,0,wheat whole,https://drive.google.com/file/d/1t-MCwCJTT58j0MIslICBcBHNkeU98naX/view,wheat whole,0
1238,Sunflower SEEDS,Oils & Ghee,0,sunflower seeds,https://drive.google.com/file/d/1mAbDak5OMmjPEI0R84C-9BFb7fa6C2Pl/view,sunflower seeds,0
1239,Moth,Pulses & Dals,0,moth,https://drive.google.com/file/d/171aJ_vHsxEcvdUKCUeMGJul6Yah7LNX-/view,moth,0
1240,Kaju 2pcs,Dry Fruits & Nuts,0,kaju 2pcs,https://drive.google.com/file/d/1ikWVbzyJLMF21blph5filYoGFdlkPJJC/view,kaju 2pcs,0
1241,Fryola Oil Tin,Oils & Ghee,0,fryola oil tin,https://drive.google.com/file/d/1g-3ELBqGvh4DMYkGvgPZntlmtn4hyysl/view,fryola oil tin,0
1242,Kings Oil Tin,Oils & Ghee,0,kings oil tin,https://drive.google.com/file/d/1kY5HfPX0pX5CObZogtzDz5zs-ZK1UwYc/view,kings oil tin,0
1243,SRILALITHA HMT,Others,0,srilalitha hmt,https://drive.google.com/file/d/1ynTjOyLiUZshjcq1Ur4q1wri7yrTCmCE/view,srilalitha hmt,0
1244,Mustard Sauce 200g,Spices & Masalas,0,mustard sauce 200g,https://drive.google.com/file/d/17O8Vvhkui0zhuoXh297RC5e72JziaXGL/view,mustard sauce 200g,0
1245,Sauce GC 200G,Sauces & Pickles,0,sauce gc 200g,https://drive.google.com/file/d/1Xud7D04IciggOw6R-H3zTVVw8Ue0XfG3/view,sauce gc 200g,0
1246,Catch PAV Bachi Masala,Spices & Masalas,0,catch pav bachi masala,https://drive.google.com/file/d/1STb9w5elHxgcCaHIOiKNyqPQv0tu3wL4/view,catch pav bachi masala,0
1247,Catch Dry Ginger Powder,Spices & Masalas,0,catch dry ginger powder,https://drive.google.com/file/d/1oE5fkJ4gUQB1NKTS0tpaUT1h7VpzYI7k/view,catch dry ginger powder,0
1248,Rajma Masala,Pulses & Dals,0,rajma masala,https://drive.google.com/file/d/1DGpAz9YZV4vEvfUP8rmhYg-Wc36nWQj8/view,rajma masala,0
1249,Sri Dhaniya Powder,Spices & Masalas,0,sri dhaniya powder,https://drive.google.com/file/d/1P8mhdfP1eHTq29IUpAbN9ziHSyyxjuAA/view,sri dhaniya powder,0
1250,Jeera Powder,Spices & Masalas,0,jeera powder,https://drive.google.com/file/d/1cHs6gyIPhlULjSLGubh5LPBsgQ_XlI6o/view,jeera powder,0
1251,Cow Ghee,Oils & Ghee,0,cow ghee,https://drive.google.com/file/d/1kHQVWFlemuHxtHyCgmpGT1K3iPEJ2avK/view,cow ghee,0
1252,Amul Pure Ghee,Oils & Ghee,0,amul pure ghee,https://drive.google.com/file/d/1nqksYez736hz0mnkLjG6dQpmj7AtEdd9/view,amul pure ghee,0
1253,Red Chilli Papad,Spices & Masalas,0,red chilli papad,https://drive.google.com/file/d/1kAt3EzmvGuTb5TPB-Qjr0FSrFksm1eId/view,red chilli papad,0
1254,Garlic Papad,Snacks & Papad,0,garlic papad,https://drive.google.com/file/d/1KwB2m7VVV81AMx92nRoZZdDalpJE_sVo/view,garlic papad,0
1255,Babaji Ka Masala,Spices & Masalas,0,babaji ka masala,https://drive.google.com/file/d/1LzStGjokYTjddoY_oKtsW4tZetpHe0Yb/view,babaji ka masala,0
1256,Milky Mist cond,Dairy,0,milky mist cond,https://drive.google.com/file/d/1c9jbw9Jo8gfK-D9xtAPvzB066rDJyZYp/view,milky mist cond,0
1257,Bisleri,Beverages & Syrups,0,bisleri,https://drive.google.com/file/d/1hBUsOhS2MAMZCf5FUTArY1IIqxeBOy5J/view,bisleri,0
1258,Tomato Sauce Smith,Sauces & Pickles,0,tomato sauce smith,https://drive.google.com/file/d/1fTBj_rDDLQ1xWSMtel6hOyWhZ4_TsFJR/view,tomato sauce smith,0
1259,Rajbhoj Makhana,Dry Fruits & Nuts,0,rajbhoj makhana,https://drive.google.com/file/d/1LAujEHRlMaqCWlNQu2aCuShJvA4wOhge/view,rajbhoj makhana,0
1260,Murmura,Others,0,murmura,https://drive.google.com/file/d/1crgTvN5B_JNw1E2UMfxhOQLdScvYtBRg/view,murmura,0
1261,Blue Curacao,Beverages & Syrups,0,blue curacao,https://drive.google.com/file/d/1_RgaZlvZMGCPNyLMOObgoBl2IhHBPCFS/view,blue curacao,0
1262,Red Curry Paste,Sauces & Pickles,0,red curry paste,https://drive.google.com/file/d/1yY_wo6tWTAEH3XzUZTWTskcJX0575QDE/view,red curry paste,0
1263,Pineapple Slice,Others,0,pineapple slice,https://drive.google.com/file/d/1cMAjp8URnhUwpirT0CTwepfc6UCsAJm0/view,pineapple slice,0
1264,Sauce Powder,Spices & Masalas,0,sauce powder,https://drive.google.com/file/d/1iLxzRJ8UoOAvcyUIFXwq6NfKYcTaBbjp/view,sauce powder,0
1265,Sushi Rice,Rice & Flour,0,sushi rice,https://drive.google.com/file/d/1RSulTiQTmz4Lc9r2QdHcpJs2ALj62yzE/view,sushi rice,0
1266,Malas Mixed Fruit Jam,Sauces & Pickles,0,malas mixed fruit jam,https://drive.google.com/file/d/18vQc_qaQFwJY7jUV3xT-IzX06M2tdIyj/view,malas mixed fruit jam,0
1267,Sarwar Paprika Powder,Spices & Masalas,0,sarwar paprika powder,https://drive.google.com/file/d/1dWIpNdPhGJpw1LrOefAUABOaciS7UXrh/view,sarwar paprika powder,0
1268,Chocos,Baking,0,chocos,https://drive.google.com/file/d/1czgEtonQRze2awmvT9CeaJeXGGewe5Fc/view,chocos,0
1269,Premium Tea,Tea & Coffee,0,premium tea,https://drive.google.com/file/d/1eJMpXf0sDYyGTMiQHVoH06Ix5gIpYXJY/view,premium tea,0
1270,Amul Fresh,Dairy,0,amul fresh,https://drive.google.com/file/d/1GsPoRIdUJ16_xdEdQc__sFmHk7Zk7bVF/view,amul fresh,0
1271,White Cholocate,Others,0,white cholocate,https://drive.google.com/file/d/1f_ypUbDkk-hQ-Zqy7M3p76taUVUnGgv7/view,white cholocate,0
1272,Fortune Sona Rice,Rice & Flour,0,fortune sona rice,https://drive.google.com/file/d/1OvyKi9qJMao6Xhz9cS3B-xD1s-5UAXL0/view,fortune sona rice,0
1273,AAdhar oil,Oils & Ghee,0,aadhar oil,https://drive.google.com/file/d/1r_ICCqEU231bVpvT5cQxYv5ggZ6NnfPs/view,aadhar oil,0
1274,Salad Mayonnaise,Dairy,0,salad mayonnaise,https://drive.google.com/file/d/1oTMnQMHk1co3SeqII7gjXwVsfNuHjyxg/view,salad mayonnaise,0
1275,Corn Flour 25Kg,Rice & Flour,0,corn flour 25kg,https://drive.google.com/file/d/1t-SIIUYrteVmwLyz80wFff4mLyeWGXRn/view,corn flour 25kg,0
1276,Milky Mist Paneer,Dairy,0,milky mist paneer,https://drive.google.com/file/d/1MiEItN-thNeGLMMtSYKF42C-L8wySIa1/view,milky mist paneer,0
1277,Veg Noodles,Pasta & Noodles,0,veg noodles,https://drive.google.com/file/d/1r5Yb21tzh8D3rqvosnblhvDZXWSIl-tU/view,veg noodles,0
1278,Classic Mango Pickle,Sauces & Pickles,0,classic mango pickle,https://drive.google.com/file/d/1-_RRF7_DlzRdMP3fzjRTY-9NhNFQSA-t/view,classic mango pickle,0
1279,Red Cerryies Syrup,Beverages & Syrups,0,red cerryies syrup,https://drive.google.com/file/d/1H4DCOW3FVydA7JtLqxTkjR4LJjNuya0Y/view,red cerryies syrup,0
1280,Creamy Coconut,Dairy,0,creamy coconut,https://drive.google.com/file/d/1JDIdciSpDBdn_pOYzPg3SjOVDLwRmqrF/view,creamy coconut,0
1281,Amul Taja,Dairy,0,amul taja,https://drive.google.com/file/d/1E_cvBICLPEA5BZKaj5i1EnNkXO816Kjc/view,amul taja,0
1282,GC Dark Soya Sauce,Sauces & Pickles,0,gc dark soya sauce,https://drive.google.com/file/d/1LzBqmYuSAhP39QTLu5XGqAxxqehJfRkp/view,gc dark soya sauce,0
1283,Guruji Mithaas,Others,0,guruji mithaas,https://drive.google.com/file/d/17LgeUpIT344R1ByY4U1AXJe2EQn6s3k2/view,guruji mithaas,0
1284,Jaggery Powder,Spices & Masalas,0,jaggery powder,https://drive.google.com/file/d/1ryfBS68-SpYsxGD9qIgT6qLcr5dlAuuk/view,jaggery powder,0
1285,Popcorn Kernels,Snacks & Papad,0,popcorn kernels,https://drive.google.com/file/d/1QLwEvxhPX9rZ7pE7416OAZnPV-PUdPxJ/view,popcorn kernels,0
1286,777 sarbat,Beverages & Syrups,0,777 sarbat,https://drive.google.com/file/d/1u6v8VEaWQo2R6tRz8fCr_bj-9ia-817t/view,777 sarbat,0
1287,Desi Ghee,Oils & Ghee,0,desi ghee,https://drive.google.com/file/d/1gc5GFnwlJoyeiazTDc2GYOSl1afcn4hH/view,desi ghee,0
1288,Sarbat Khus,Beverages & Syrups,0,sarbat khus,https://drive.google.com/file/d/1uLLTKK41T6xzJ3Twob4CRySLLtul3KJH/view,sarbat khus,0
1289,Sarbat Rose,Beverages & Syrups,0,sarbat rose,https://drive.google.com/file/d/16vGIlSLRWFeQVlrWDKdD4VI53iOK8UyA/view,sarbat rose,0
1290,R Pure Sanath Powder,Spices & Masalas,0,r pure sanath powder,https://drive.google.com/file/d/1Y5VqtBPbuvynsVlqkY3_snzjuBRSZ-Xk/view,r pure sanath powder,0
1291,Semiya,Pasta & Noodles,0,semiya,https://drive.google.com/file/d/1R2Vn15z9hv8nTmh7DkuNeGAoxbXB7T92/view,semiya,0
1292,Choco Chips,Baking,0,choco chips,https://drive.google.com/file/d/1zRUYwmWD5eNvR44hcQ_LZnLpkWsrvxZR/view,choco chips,0
1293,Dry Fruits,Dry Fruits & Nuts,0,dry fruits,https://drive.google.com/file/d/1rwsG-wapOdB7gzjQf4uqxT7O7y_Avd7f/view,dry fruits,0
1294,Phalli Spl,Others,0,phalli spl,https://drive.google.com/file/d/1M3MmIUSXnBc6qI-ab3FgkyE9UgdNQecK/view,phalli spl,0
1295,Amul Cheese,Dairy,0,amul cheese,https://drive.google.com/file/d/1Acj1hg4LFH23bWCHr9Ckyo99qqrYyjO8/view,amul cheese,0
1296,Switz Spring Roll,Others,0,switz spring roll,https://drive.google.com/file/d/1IAVBhAcHpxU5aCdrHcxtob-xzSx7eiR_/view,switz spring roll,0
1297,Green Peas,Others,0,green peas,https://drive.google.com/file/d/1b0HVTN7vEHFjIfAlJ6m2uVUmw4L-TH56/view,green peas,0
1298,Premium Butter,Oils & Ghee,0,premium butter,https://drive.google.com/file/d/1juutk-xKv-6r4haMQQAc3T5vOp99lOYo/view,premium butter,0
1299,Nutralite White Butter,Oils & Ghee,0,nutralite white butter,https://drive.google.com/file/d/1ObheSOU6Osjq5txlA_SeRNzwujgn4_CD/view,nutralite white butter,0
1300,Pani Puri Masala,Spices & Masalas,0,pani puri masala,https://drive.google.com/file/d/1itfod8i7S55L9z2BQ8wuUtL97iqqElXv/view,pani puri masala,0
1301,MDH Meat Ka Masala,Spices & Masalas,0,mdh meat ka masala,https://drive.google.com/file/d/1jlKlmsChkkRNF0BC9J2CXUhgQ6YLEfT2/view,mdh meat ka masala,0
1302,Iodised Crystal Salt,Spices & Masalas,0,iodised crystal salt,https://drive.google.com/file/d/1vnHVpqI_16iZYI5dpdK9DFjstkBlE5MX/view,iodised crystal salt,0
1303,Try Mi Papad Plain,Snacks & Papad,0,try mi papad plain,https://drive.google.com/file/d/11TlaLroTi8NkTrdIVh5m3KQKcxDGOSz4/view,try mi papad plain,0
1304,Big Boss Millet,Rice & Flour,0,big boss millet,https://drive.google.com/file/d/1xbg1r-DuneRicYM0Zj-GZ3E_GyzxoiZK/view,big boss millet,0
1305,Ragi Flour,Rice & Flour,0,ragi flour,https://drive.google.com/file/d/13d5d7YLQuhRSpoTfu56hvN0RFphP4d70/view,ragi flour,0
1306,Pre Diamond Makhana,Dry Fruits & Nuts,0,pre diamond makhana,https://drive.google.com/file/d/1HniFgdrGn2OgF72YtMsUEzpYCHaNDDTX/view,pre diamond makhana,0
1307,Catch Kasmiri Mirch Powder,Spices & Masalas,0,catch kasmiri mirch powder,https://drive.google.com/file/d/1NwyhSIcKxpH2FIUTmGIJDAV708mvtX2O/view,catch kasmiri mirch powder,0
1308,Dry Rose Patta,Rice & Flour,0,dry rose patta,https://drive.google.com/file/d/1gjBHr-oNNWL2iWVWJ-5_qMC6V02fRZ27/view,dry rose patta,0
1309,Souf,Spices & Masalas,0,souf,https://drive.google.com/file/d/1aX1MgZCSgL3QVYJlVdTlf_1ulSXlYhKK/view,souf,0
1310,Red Chilli Flakes,Spices & Masalas,0,red chilli flakes,https://drive.google.com/file/d/1bR-prRiyk-qeaoQoSSNeHnBtBktyr3Zp/view,red chilli flakes,0
1311,Del Mont Tomato K 8G,Others,0,del mont tomato k 8g,https://drive.google.com/file/d/1kX8E4_iw0stOdHbVzp1_ljz_Ovc3IRnE/view,del mont tomato k 8g,0
1312,Anjani Sweet Souf,Spices & Masalas,0,anjani sweet souf,https://drive.google.com/file/d/1GLcgx4LwXJFA3ibS7_vdZfmEBFyPO3H5/view,anjani sweet souf,0
1313,Ganesh Papad,Snacks & Papad,0,ganesh papad,https://drive.google.com/file/d/1hJ-JY1sPJBH2V2h-GDVn_9_74rHSLjms/view,ganesh papad,0
1314,PERI PERI Marinade,Spices & Masalas,0,peri peri marinade,https://drive.google.com/file/d/1w1CQMWVwriyqRW8H5MMWpevxHiDCHDTS/view,peri peri marinade,0
1315,Bush RPS,Others,0,bush rps,https://drive.google.com/file/d/1eXATH0vVIvb5uJ6eSnJbNy70ynQ7GqCS/view,bush rps,0
1316,ReFined Sugar,Sugar & Salt,0,refined sugar,https://drive.google.com/file/d/162056ZPgRRiN_h_X7B2fxUd0yoRhLf50/view,refined sugar,0
1317,Tata Salt Crystal,Spices & Masalas,0,tata salt crystal,https://drive.google.com/file/d/1p6YyAWbcKxcyl-9caVM9FhXiKC1rEhlh/view,tata salt crystal,0
1318,Annapurna Chki Atta,Rice & Flour,0,annapurna chki atta,https://drive.google.com/file/d/1zIk0i6bHiB_jALCMBg-bLB1Fa9WSBWts/view,annapurna chki atta,0
1319,Ankur Salt,Spices & Masalas,0,ankur salt,https://drive.google.com/file/d/1CFd85zGSQewX3esZtDgTRaFKGfFc3WL4/view,ankur salt,0
1320,Kasuri Mehthe,Spices & Masalas,0,kasuri mehthe,https://drive.google.com/file/d/1llv1TjQCswEOSr1IBCUX7TcBzOHKDEWL/view,kasuri mehthe,0
1321,Shabash CUT Mango Pickle,Sauces & Pickles,0,shabash cut mango pickle,https://drive.google.com/file/d/13w8F0js_T97BuPk2AB7-FJN_bVua3otN/view,shabash cut mango pickle,0
1322,Swastik Mango Pickle,Sauces & Pickles,0,swastik mango pickle,https://drive.google.com/file/d/1JlyFKW0CUhc45DgtqBhMlriXKyeChoPc/view,swastik mango pickle,0
1323,Gongrua Pickle,Sauces & Pickles,0,gongrua pickle,https://drive.google.com/file/d/1fZHWXWjzS-KO8tVEvQmk98aBKugw9bBh/view,gongrua pickle,0
1324,Dansal Soya Granules,Sauces & Pickles,0,dansal soya granules,https://drive.google.com/file/d/10Q-GLEv0f_K-NfhYyuZGlMLizhRfFvyz/view,dansal soya granules,0
1325,Curd Chilli,Spices & Masalas,0,curd chilli,https://drive.google.com/file/d/1jQmGOgnD0jGbbYZDHoKniuV2fpi2KOkO/view,curd chilli,0
1326,watermelon seeds.,Seeds,0,watermelon seeds.,https://drive.google.com/file/d/1fkynro4k2CYw6T9nDegtRxj-fO9zYBRu/view,watermelon seeds.,0
1327,K Phool,Others,0,k phool,https://drive.google.com/file/d/1DuIfwuzZPg_PIKx_pHumjcEaVSkag9yd/view,k phool,0
1328,Cookery Little Millet,Rice & Flour,0,cookery little millet,https://drive.google.com/file/d/1t64nZCGH_YK7WOws-yjsVleCHs6FVnbV/view,cookery little millet,0
1329,Sagar Falooda Sev,Snacks & Papad,0,sagar falooda sev,https://drive.google.com/file/d/1oP6HL56kpnYLPnF5LEpw7Smd-VFuhn-p/view,sagar falooda sev,0
1330,MDH Chana Masal,Pulses & Dals,0,mdh chana masal,https://drive.google.com/file/d/1cqJwfa4BV7LX2WdTGeoDorU6imE11ywy/view,mdh chana masal,0
1331,Maraconi Pasta,Pasta & Noodles,0,maraconi pasta,https://drive.google.com/file/d/1z1h9PTzinMkK3xit1lqlUzBsbKEi0j-u/view,maraconi pasta,0
1332,Ginzer Garlic Paste,Sauces & Pickles,0,ginzer garlic paste,https://drive.google.com/file/d/1TufnCTUmCYayzkbWfcVlCDzvYXDDMYxX/view,ginzer garlic paste,0
1333,Baking Powder,Spices & Masalas,0,baking powder,https://drive.google.com/file/d/1XjkNrcWdd8l_sn1stN6VUxqJBiuKHpwi/view,baking powder,0
1334,Vanilla Flavour,Baking,0,vanilla flavour,https://drive.google.com/file/d/13zIVOzqq1V21pqGmBjFtByJicIuzDg7l/view,vanilla flavour,0
1335,72 M Alumi Foil,Oils & Ghee,0,72 m alumi foil,https://drive.google.com/file/d/1KQd1rtfnCfKLN-ugrC2AY2DVEQRzDVOU/view,72 m alumi foil,0
1336,SpacHetti Pasta gc,Pasta & Noodles,0,spachetti pasta gc,https://drive.google.com/file/d/1xCzIeyD8eGPI5J_HnbCpxgjbyADaWuV3/view,spachetti pasta gc,0
1337,MDH Jeera Masala,Spices & Masalas,0,mdh jeera masala,https://drive.google.com/file/d/1bgdnpa3cM0CtS4uM-CQKQrz3DA6OxtCC/view,mdh jeera masala,0
1338,Anchur Powder,Spices & Masalas,0,anchur powder,https://drive.google.com/file/d/1ZwkuvUl1VjBU-5v3XxR28iNjh6Lcd9Ia/view,anchur powder,0
1339,MDH Kitchen King,Others,0,mdh kitchen king,https://drive.google.com/file/d/119r9pVV_o6ILFSBfxRuJ2XW9VbK6mqEK/view,mdh kitchen king,0
1340,MDH Kasmiri Mirchi,Others,0,mdh kasmiri mirchi,https://drive.google.com/file/d/1zZGEJFTvpFEPj4D8w9ERg3uoeOe72a7s/view,mdh kasmiri mirchi,0
1341,Everst Sambhar Masala,Spices & Masalas,0,everst sambhar masala,https://drive.google.com/file/d/1_fDlGppl9ApJed7o9KjyYEQWNpi1tqBM/view,everst sambhar masala,0
1342,R Pure Anardana Powder,Spices & Masalas,0,r pure anardana powder,https://drive.google.com/file/d/1vH-0SdxFc7F_IY0IoM0sTBvBfeqKzuYt/view,r pure anardana powder,0
1343,MDH Chat Masala,Spices & Masalas,0,mdh chat masala,https://drive.google.com/file/d/1fSLKloU6j849IALv5CFq3PPguG_7TDqQ/view,mdh chat masala,0
1344,MDH bIRYANI MASALA,Spices & Masalas,0,mdh biryani masala,https://drive.google.com/file/d/1lEXC_cgDprMYQJKyfW1dmRVKvFjo-ooF/view,mdh biryani masala,0
1345,Ace Tomato Puree,Sauces & Pickles,0,ace tomato puree,https://drive.google.com/file/d/1GsSPX0_82SBGbFx-7AB-TCHChyGINMsb/view,ace tomato puree,0
1346,Pineapple Slices,Others,0,pineapple slices,https://drive.google.com/file/d/1PxJ6kSXqEGaBnjkFSRYYYrFI_bHt1qvu/view,pineapple slices,0
1347,Tata Soulfull cornflakes,Cereals,0,tata soulfull cornflakes,https://drive.google.com/file/d/1LbMPncxIF2vhaV6sz8kHynNGto1cX4nq/view,tata soulfull cornflakes,0
1348,Tata Soulfull Millets,Rice & Flour,0,tata soulfull millets,https://drive.google.com/file/d/1w_zIJ59TM12nvs7dw_CAkU1F3hgUR7-l/view,tata soulfull millets,0
1349,Tahena,Others,0,tahena,https://drive.google.com/file/d/1rvvIE-gaSe3rJvmzNwJzK2-Ht3N_CXcP/view,tahena,0
1350,Mango Manna,Beverages & Syrups,0,mango manna,https://drive.google.com/file/d/1PfisX8FTOCFJY3Ep_NmbkgKqyzeiXyGP/view,mango manna,0
1351,Patanchali M oil,Oils & Ghee,0,patanchali m oil,https://drive.google.com/file/d/1UEDxHyUX5AP-2crAUzdy1g0PC1Exsc4b/view,patanchali m oil,0
1352,Strawberry crush,Beverages & Syrups,0,strawberry crush,https://drive.google.com/file/d/1exw5MIOp2ksqmFYMEjSLN4eDV9sv0N3s/view,strawberry crush,0
1353,Chocolate Sauce,Sauces & Pickles,0,chocolate sauce,https://drive.google.com/file/d/14kCGY5Sc4tQGGtjIzn_Dmv-nsDyoL7Ea/view,chocolate sauce,0
1354,Malas Pineapple,Others,0,malas pineapple,https://drive.google.com/file/d/1u-4aMxRVhKkvaucVHy7LoCDHoi8Ak4uD/view,malas pineapple,0
1355,Malas KIwi,Others,0,malas kiwi,https://drive.google.com/file/d/1GVq5eel_nGRUuctqkMmTBHCn8nmsVfDS/view,malas kiwi,0
1356,Malas Strrawberry,Others,0,malas strrawberry,https://drive.google.com/file/d/19cqb3b1ba6Uo4N_mZCiQdcvJG9X1eIUy/view,malas strrawberry,0
1357,Malas BlueBerry,Others,0,malas blueberry,https://drive.google.com/file/d/1lt8pJ8aYhOPq6_328fkVkgnbS60CS_7C/view,malas blueberry,0
1358,MTR Sambhar Powder,Spices & Masalas,0,mtr sambhar powder,https://drive.google.com/file/d/1Q7BKEgLB3BR3yGn-RD5eVzTemw_Bynyb/view,mtr sambhar powder,0
1359,Fryola Sunflower oil,Oils & Ghee,0,fryola sunflower oil,https://drive.google.com/file/d/18w1__Ogtr5gVRZAUGmJ9ZwIWKKv8E3de/view,fryola sunflower oil,0
1360,Eggless Mayonnase,Dairy,0,eggless mayonnase,https://drive.google.com/file/d/1EU2M2C-zOQwDqBQrRfNcn6Odwm3Yx3Pa/view,eggless mayonnase,0
1361,Madras SHambhar Powder,Spices & Masalas,0,madras shambhar powder,https://drive.google.com/file/d/14T_il8rOm2G5_2TT-LTeyuVHuYcJJuAi/view,madras shambhar powder,0
1362,Freedom Oil,Oils & Ghee,0,freedom oil,https://drive.google.com/file/d/1vzMAAFExd5RSN_w22IqaSQdQojmyZKSX/view,freedom oil,0
1363,Bush Food Colour,Others,0,bush food colour,https://drive.google.com/file/d/1cF8UQdkJwsmezDt4rPql-lmIppTHGZiU/view,bush food colour,0
1364,Badshah Gram Masala 2,Spices & Masalas,0,badshah gram masala 2,https://drive.google.com/file/d/1JNZ40Apw2_mhLFCR2TFOBo5gTf-jbSF7/view,badshah gram masala 2,0
1365,Swastik Chat Masala,Spices & Masalas,0,swastik chat masala,https://drive.google.com/file/d/1QmBEE8b1oIDLpCy6CvfCxfhm6p4O6Hdl/view,swastik chat masala,0
1366,Pink Salt,Spices & Masalas,0,pink salt,https://drive.google.com/file/d/1zDd2RGDsRrc6DmhpzUVPtFmL7zNKSYMP/view,pink salt,0
1367,Tetley Tea Flavour,Tea & Coffee,0,tetley tea flavour,https://drive.google.com/file/d/1t_YZQOU5eOmHkFFvIsA-57bXIiQ8YNUQ/view,tetley tea flavour,0
1368,Achi Ckicken Masala,Spices & Masalas,0,achi ckicken masala,https://drive.google.com/file/d/1ecVZwYYDIEYtWz-udYcJ9DEbD6LF1jaa/view,achi ckicken masala,0
1369,Paprika Powder,Spices & Masalas,0,paprika powder,https://drive.google.com/file/d/18MjUkw8tEpI2iStFkf8vU9gTJDOLUdo8/view,paprika powder,0
1370,Coriander powder,Spices & Masalas,0,coriander powder,https://drive.google.com/file/d/1Ju8eknObgIs9NzOtznA3QtQLG8f0uod7/view,coriander powder,0
1371,SwaSTIK Chilli Powder,Spices & Masalas,0,swastik chilli powder,https://drive.google.com/file/d/1C3jxOl8xQI9-hBDih24mubb14gGobPrX/view,swastik chilli powder,0
1372,Achhi Chilli Powder,Spices & Masalas,0,achhi chilli powder,https://drive.google.com/file/d/1ZsPfCanv7LsKKOffsj7vo-e6wcjWK3SB/view,achhi chilli powder,0
1373,Panko,Others,0,panko,https://drive.google.com/file/d/1CtZ2N3p_hT-hn7ifBRLpalUIhAjo2uUn/view,panko,0
1374,Maggi Masala,Spices & Masalas,0,maggi masala,https://drive.google.com/file/d/1SG3GlYgKxAm-FaD-AZ6zYIoPJDK7Mwwv/view,maggi masala,0
1375,Fryums Pappad,Snacks & Papad,0,fryums pappad,https://drive.google.com/file/d/11--218MqGojCkXqLtHsuZcyuihr_zG7P/view,fryums pappad,0
1376,Chowatty Noodles,Pasta & Noodles,0,chowatty noodles,https://drive.google.com/file/d/1o8u5ytJQKN_aUFVy3hpRmUGRXUDwhdc4/view,chowatty noodles,0
1377,Tomato Paste Cane,Sauces & Pickles,0,tomato paste cane,https://drive.google.com/file/d/1aqEEkXhhXE2tJWBRejxaESWUSlGdVDdY/view,tomato paste cane,0
1378,Water Chesnuts,Dry Fruits & Nuts,0,water chesnuts,https://drive.google.com/file/d/1U_1LQfLqcCacMqtNhpxOxVOJ7CqyjYWn/view,water chesnuts,0
1379,Totato Kechp 5Kg,Others,0,totato kechp 5kg,https://drive.google.com/file/d/1Z9Umkh9f52F4wWBVSwGlEAnTyCT83o3n/view,totato kechp 5kg,0
1380,Coca Mix Powder,Spices & Masalas,0,coca mix powder,https://drive.google.com/file/d/1y4y0bwoXeKw6Cbn6sOp9hFb9ASZznLmp/view,coca mix powder,0
1381,Eco Valley Oats,Cereals,0,eco valley oats,https://drive.google.com/file/d/1QkeMLqXkr7rXDsFGh-v0F8ZLKGsA5Z5G/view,eco valley oats,0
1382,Oats,Cereals,0,oats,https://drive.google.com/file/d/1Sc61n6U3rYNlAbQe3Xbf9VPu6CDOONaU/view,oats,0
1383,Jamun Mix,Sauces & Pickles,0,jamun mix,https://drive.google.com/file/d/1iGDUKCRPO8lejPwqSXXInrwdgjdGBmy7/view,jamun mix,0
1384,Tata Saulfull Millet Corn Flake,Rice & Flour,0,tata saulfull millet corn flake,https://drive.google.com/file/d/1gLgY2kP5hKE9Qc9lxB03ft6Sh6O0aqmQ/view,tata saulfull millet corn flake,0
1385,Tata Saulfull Millet,Rice & Flour,0,tata saulfull millet,https://drive.google.com/file/d/1voj8Un3DZfj38y5RqIq90s98csSTcYG0/view,tata saulfull millet,0
1386,Elbow Pasta,Pasta & Noodles,0,elbow pasta,https://drive.google.com/file/d/1CuMlw__La8-_803wWBK7Wc-Kxtu0fNbe/view,elbow pasta,0
1387,Tomato Pickle,Sauces & Pickles,0,tomato pickle,https://drive.google.com/file/d/1erbI0lmLuIdRPAvEE_ErvU0mD_tJGqJL/view,tomato pickle,0
1388,Mix Veg Pickle,Sauces & Pickles,0,mix veg pickle,https://drive.google.com/file/d/1asKW_EoMRKe8ZAb1oJqYZiSXd_1zTwK3/view,mix veg pickle,0
1389,Badshah Gram Masala,Spices & Masalas,0,badshah gram masala,https://drive.google.com/file/d/1RPhImvj6v69NVW_jNNyi-oo6bgXDBLUG/view,badshah gram masala,0
1390,Sambhar Powder,Spices & Masalas,0,sambhar powder,https://drive.google.com/file/d/1t_XwsJlZ-DKTbi5l2o-ycgyejImtrjbs/view,sambhar powder,0
1391,Bourn Vita,Tea & Coffee,0,bourn vita,https://drive.google.com/file/d/192hZI9pGOaMswz0r0u8bR5zGktY_LTMg/view,bourn vita,0
1392,Infant Milk Food,Dairy,0,infant milk food,https://drive.google.com/file/d/1cw4pTPVEFT9fSYs0HlhudZBVWjGBW92N/view,infant milk food,0
1393,Roasted Vermicelli,Pasta & Noodles,0,roasted vermicelli,https://drive.google.com/file/d/10QXNezzTdyEkU9XfrptrbfaflbM8sF31/view,roasted vermicelli,0
1394,MTR Seviyan Vermicelli,Pasta & Noodles,0,mtr seviyan vermicelli,https://drive.google.com/file/d/1uKlldJzdn9ud8J0ZyvoZ6X4_812LECyd/view,mtr seviyan vermicelli,0
1395,Immunity Boosting,Tea & Coffee,0,immunity boosting,https://drive.google.com/file/d/1OSutPMk3G1T-8TarXsWng7p7mJoOAq3q/view,immunity boosting,0
1396,Fusilli Pasta.,Pasta & Noodles,0,fusilli pasta.,https://drive.google.com/file/d/1GfjhWmZsLrFoHEjHom0kbEJRtFN7W4jV/view,fusilli pasta.,0
1397,Agneshi Pasta,Pasta & Noodles,0,agneshi pasta,https://drive.google.com/file/d/1gMTrVs8TGL1kNm7dN6sH3sl3FwuyEbkM/view,agneshi pasta,0
1398,Corn Flakes,Others,0,corn flakes,https://drive.google.com/file/d/1WzPUrh8l7d3fhLf7kkjZnI00SfQDdO99/view,corn flakes,0
1399,Annapurna Appalam,Others,0,annapurna appalam,https://drive.google.com/file/d/1vQfHzPt5tXpRnvyVTrPbWL7Ll_0OdH6J/view,annapurna appalam,0
1400,Maruthi Appalam Papad,Others,0,maruthi appalam papad,https://drive.google.com/file/d/113Q_2yPtWoR6lHJjcMCQyFTCBuORRYsS/view,maruthi appalam papad,0
1401,Jeera Rice Papad,Rice & Flour,0,jeera rice papad,https://drive.google.com/file/d/1jLFCtg9sNyhu295wJpWXmpC-8FbggVH2/view,jeera rice papad,0
1402,Muskan Makhana,Dry Fruits & Nuts,0,muskan makhana,https://drive.google.com/file/d/1D9c3rr58FbIkhwM5ZpKhJGAdrk5sOqY8/view,muskan makhana,0
1403,Varam Javitri,Spices & Masalas,0,varam javitri,https://drive.google.com/file/d/1PZsDrVDvPx9UCIz3bUmeDf1igdTdM5MG/view,varam javitri,0
1404,Herbs and Spices,Others,0,herbs and spices,https://drive.google.com/file/d/1AjloAlNAcPrndhQ4Fog-1JM3fudY_1q8/view,herbs and spices,0
1405,Yellow Chilli Powder,Spices & Masalas,0,yellow chilli powder,https://drive.google.com/file/d/1WHZG2qXxpX6e9FChHdbDrcba-Pkh_vJj/view,yellow chilli powder,0
1406,Tirumala Noodles,Pasta & Noodles,0,tirumala noodles,https://drive.google.com/file/d/1reWygdhc9X-WV30yUgboTRyA9IkztYYf/view,tirumala noodles,0
1407,Aashirvaad Atta,Others,0,aashirvaad atta,https://drive.google.com/file/d/1JL9L0yAxqNz-jRO75iPBiW2uKshrQlvZ/view,aashirvaad atta,0
1408,Shezwan Chatney,Sauces & Pickles,0,shezwan chatney,https://drive.google.com/file/d/18e0WC4ODZgV2NfZX3GwL5t_bYyVZatRM/view,shezwan chatney,0
1409,Premium Dark  Soy Sauce,Sauces & Pickles,0,premium dark  soy sauce,https://drive.google.com/file/d/1DO5vvogg-m8o7aNX-caOJkMwdxZdmLDx/view,premium dark  soy sauce,0
1410,Premium Light Soy Sauce,Sauces & Pickles,0,premium light soy sauce,https://drive.google.com/file/d/1dmBrZngscOup5fObKV87EYg8pRarVeId/view,premium light soy sauce,0
1411,Hot Peri 2 Sauce,Sauces & Pickles,0,hot peri 2 sauce,https://drive.google.com/file/d/1ZVaqsjgGPb3xYJGRx0ikALjDOwEkLps2/view,hot peri 2 sauce,0
1412,Barbecue Sauce,Sauces & Pickles,0,barbecue sauce,https://drive.google.com/file/d/1JDn_1JU69rme5lkb-Vc8TwiYlBFDZ8ob/view,barbecue sauce,0
1413,Kewra e Khas,Others,0,kewra e khas,https://drive.google.com/file/d/18464XpawQLaUjsTIfiSkp4phbJnChn-X/view,kewra e khas,0
1414,Rose e  Khas,Beverages & Syrups,0,rose e  khas,https://drive.google.com/file/d/1_2si0dVB2wxE7VvHWlQpzzDUNSclQFmc/view,rose e  khas,0
1415,Weikfield Must Sauce,Sauces & Pickles,0,weikfield must sauce,https://drive.google.com/file/d/1_7mfum9Pb90M-PUOgXNJfgenSCBD3Hmj/view,weikfield must sauce,0
1416,Biryani Flavour,Others,0,biryani flavour,https://drive.google.com/file/d/1BUk_VA4h8innTh0xHPONCOy-glMtlMaE/view,biryani flavour,0
1417,Tabasco,Others,0,tabasco,https://drive.google.com/file/d/10F-f7-mSc8syd8Qsbaw5QbS6wqZFh7GM/view,tabasco,0
1418,Khaman Khakla,Snacks & Papad,0,khaman khakla,https://drive.google.com/file/d/1c3BF24D0VE4cPCKObhg7VZEPuYdcy8OP/view,khaman khakla,0
1419,Haldiram Rassagulla,Spices & Masalas,0,haldiram rassagulla,https://drive.google.com/file/d/1izRDOQLHHroC4XX4bdHAiXaSyDiFxTzp/view,haldiram rassagulla,0
1420,420 Gulab jamun,Sauces & Pickles,0,420 gulab jamun,https://drive.google.com/file/d/1LluSsody4zgp2GloEnX0IgU7hR7edS_o/view,420 gulab jamun,0
1421,Kimia Dates,Dry Fruits & Nuts,0,kimia dates,https://drive.google.com/file/d/1GV3fgzPjd1U3BRF5OdTNmJ2lT4cVRdnv/view,kimia dates,0
1422,Green Chilli Sauce,Spices & Masalas,0,green chilli sauce,https://drive.google.com/file/d/1zH4HFerBcoA6mR4nUyB89Fa4Cne0HIGC/view,green chilli sauce,0
1423,Red Chilli Sauce,Spices & Masalas,0,red chilli sauce,https://drive.google.com/file/d/1NljZ7oVIT6WPxnuzcPZCp7Yo0g08prlB/view,red chilli sauce,0
1424,Dark Soya Sauce,Sauces & Pickles,0,dark soya sauce,https://drive.google.com/file/d/10oyvxO5_xtWqlN9UmclxbWmG2x6EBjR8/view,dark soya sauce,0
1425,Tomato Sauce,Sauces & Pickles,0,tomato sauce,https://drive.google.com/file/d/1Pvx59lpfmIMRjM356HY-gvCY3CwnllWC/view,tomato sauce,0
1426,Chilly Sauce,Sauces & Pickles,0,chilly sauce,https://drive.google.com/file/d/1B70rNr0TzyiktAZ7JjddqZQqEN3VAn4w/view,chilly sauce,0
1427,Mastard Sauce,Sauces & Pickles,0,mastard sauce,https://drive.google.com/file/d/1TIiOtCnSPJLaGcsuH1-roU6Z7Nh-MMgJ/view,mastard sauce,0
1428,Len and Perrin Sauce,Sauces & Pickles,0,len and perrin sauce,https://drive.google.com/file/d/1pcdu8-ygMMpjrVn3HMZ-6veObvbhjJ76/view,len and perrin sauce,0
1429,Balsamic Vinegar,Others,0,balsamic vinegar,https://drive.google.com/file/d/1PFv_tjv08TSxHvlXiuc730M0OsmnDik_/view?usp=drivesdk,balsamic vinegar,0
1430,Dabar Gulabari,Others,0,dabar gulabari,https://drive.google.com/file/d/1rY3gskP47tYGqh2xv4xVQwwYFb6oGTbQ/view,dabar gulabari,0
1431,Pomace Olive oil,Oils & Ghee,0,pomace olive oil,https://drive.google.com/file/d/1YcLekil-f-FPSJsSky0LuCHs-Py5Itmh/view,pomace olive oil,0
1432,Dhaniya Powder,Spices & Masalas,0,dhaniya powder,https://drive.google.com/file/d/14ZdpWCWJHojao38dQuyxrJ7xlxBtWr0o/view,dhaniya powder,0
1433,Black Salt Powder,Spices & Masalas,0,black salt powder,https://drive.google.com/file/d/1gLz3g8o7fZXCAX7v9kd1nZ2uhmefKF1G/view,black salt powder,0
1434,Dhokla Flour,Rice & Flour,0,dhokla flour,https://drive.google.com/file/d/1AA55KT1vf2B4mW3AZTHwNOuo1mox0PmR/view,dhokla flour,0
1435,Peri Peri Seasoning,Spices & Masalas,0,peri peri seasoning,https://drive.google.com/file/d/1xz9GXoeZwjmBPpvcejgmYItehjiav2L1/view,peri peri seasoning,0
1436,Weikfield Baking,Baking,0,weikfield baking,https://drive.google.com/file/d/1fzswiKsoyMs6wSmCyT3MX2ud32TZEJb5/view,weikfield baking,0
1437,Milk Maid,Dairy,0,milk maid,https://drive.google.com/file/d/1YaIWtAodsTD9t2FVxgIE0LFIETllDFDo/view,milk maid,0
1438,Weikfield Mustard,Spices & Masalas,0,weikfield mustard,https://drive.google.com/file/d/1tUfXBXP5Fts_x9Yl_B04m7WNdfCGf5sS/view,weikfield mustard,0
1439,Milky Mist,Dairy,0,milky mist,https://drive.google.com/file/d/1Ho1VL1xWu7HYm4G2eIhI2U1rzzvC4dKV/view,milky mist,0
1440,Rajwadi Gram Masala,Spices & Masalas,0,rajwadi gram masala,https://drive.google.com/file/d/1hv81JaFLgTJRfQugqzE0DjnkYGIZ_IpF/view,rajwadi gram masala,0
1441,Lion Dates,Dry Fruits & Nuts,0,lion dates,https://drive.google.com/file/d/1La44VMVry2HdkO7PAnCGWKDj1dzryOcw/view,lion dates,0
1442,Nesle Every Day,Tea & Coffee,0,nesle every day,https://drive.google.com/file/d/12Ibg3dFOTd0XKoQvB4lqroHMgTrgM7TH/view,nesle every day,0
1443,Mango Pickle,Sauces & Pickles,0,mango pickle,https://drive.google.com/file/d/1vrpWrkJBCV9el8zKTb00HARXYYE5IAwl/view,mango pickle,0
1444,Temora mix,Others,0,temora mix,https://drive.google.com/file/d/1_trC5RtBIaMEdyJKYwChIIX2fyW15051/view,temora mix,0
1445,Mango Panna,Beverages & Syrups,0,mango panna,https://drive.google.com/file/d/13jqxET8QNjTl2g1B3jVa2MnV_c9vjUFA/view,mango panna,0
1446,Potato Starch,Baking,0,potato starch,https://drive.google.com/file/d/1sIOBBvej5GERxM3bkSzBaQyy20R8Zk_s/view,potato starch,0
1447,K Mirchi Powder,Spices & Masalas,0,k mirchi powder,https://drive.google.com/file/d/1xZxijEh4Yhqz_0a6fPWjkunq4r8UtXtR/view,k mirchi powder,0
1448,Turmeric Powder,Spices & Masalas,0,turmeric powder,https://drive.google.com/file/d/1TvlvuhxfR_3E06Uco5n1p1zPYd8HF8uT/view,turmeric powder,0
1449,Ghee,Oils & Ghee,0,ghee,https://drive.google.com/file/d/1fseqRMkVcjq6p9J3sdYvgYrU4lWXv2Yf/view,ghee,0
1450,Vinalla,Others,0,vinalla,https://drive.google.com/file/d/1-Dl23_d77XtC1CPS5Yeu4YIIgtNJeKhq/view,vinalla,0
1451,Kewal Gram Masala,Spices & Masalas,0,kewal gram masala,https://drive.google.com/file/d/1H1IlZSmiks45e3hClczlyJ6IBTHwEJy7/view,kewal gram masala,0
1452,chinese pepper Masala,Spices & Masalas,0,chinese pepper masala,https://drive.google.com/file/d/1ztyh4OITCmypGfu4M6K262rNCWU81h7A/view,chinese pepper masala,0
1453,cumin,Others,0,cumin,https://drive.google.com/file/d/1Mx7nBZG7RYRc9rUx8LieRCC_uQUtCvHm/view,cumin,0
1454,Rice Atta,Rice & Flour,0,rice atta,https://drive.google.com/file/d/1Z8rKgo7Iys9zbCbWgrG1SkdNWRxR3PAW/view,rice atta,0
1455,Dried Noodles,Pasta & Noodles,0,dried noodles,https://drive.google.com/file/d/1xvbycENx5WDOPo8h7k5X6PLaSss6mulY/view,dried noodles,0
1456,Lal Mirch Powder,Spices & Masalas,0,lal mirch powder,https://drive.google.com/file/d/1oLjkRJlvwsxbcdx90po1jaRzg0CJX-Pn/view,lal mirch powder,0
1457,Ruchi,Others,0,ruchi,https://drive.google.com/file/d/14fvhVU2LPlnZnZ3--tsmVNSFFY2AHfXF/view,ruchi,0
1458,Mustard Oil,Spices & Masalas,0,mustard oil,https://drive.google.com/file/d/19mWZuwt05FhQgBN90EaGqRSgE6g47-go/view,mustard oil,0
1459,Monin ci,Others,0,monin ci,https://drive.google.com/file/d/1pHU2ok-ET_HRQnmd6e9etA-zYEAzUqho/view,monin ci,0
1460,Monin BLu,Others,0,monin blu,https://drive.google.com/file/d/1QwuT92hlEvZxtQDiCD7egIMnAtgazoVb/view,monin blu,0
1461,monin co,Others,0,monin co,https://drive.google.com/file/d/1BXXaV726iy-4ww-L0oamof4_Z3vXK5RX/view,monin co,0
1462,Spl Badam P E,Others,0,spl badam p e,https://drive.google.com/file/d/1KIX225ClO79Y4wp5iIc66JvPqLELpU1T/view,spl badam p e,0
1463,Peanut Butter,Oils & Ghee,0,peanut butter,https://drive.google.com/file/d/19oZxrFjbivlIUt45S4hkQl4iURtZA18B/view,peanut butter,0
1464,Sweet Corn Kernel,Others,0,sweet corn kernel,https://drive.google.com/file/d/1Fm9iAKs48oTygzgPfu5K8r8J2JXBQP_p/view,sweet corn kernel,0
1465,Fruit Cocktail,Dry Fruits & Nuts,0,fruit cocktail,https://drive.google.com/file/d/1Ry-WIU6Aw-AxhRO0KilcmgaEJ2mE4aMt/view,fruit cocktail,0
1466,Lychee,Others,0,lychee,https://drive.google.com/file/d/1TCTnbcsOSNRXKtemlcMSjGdKlYe6B_wW/view,lychee,0
1467,Chai Patti,Tea & Coffee,0,chai patti,https://drive.google.com/file/d/1WgW2JQjU6sEvPh-SkpfLahhmFnE7ht5-/view,chai patti,0
1468,Masala Peanuts,Spices & Masalas,0,masala peanuts,https://drive.google.com/file/d/1IuW4cikKxV_UM7QQOi8mDrYsO5l0M_30/view,masala peanuts,0
1469,Pistachi Nuts,Dry Fruits & Nuts,0,pistachi nuts,https://drive.google.com/file/d/169cBkePcPnwCcufNAtLvynQf2m5uloiK/view,pistachi nuts,0
1470,Masala Kaju,Spices & Masalas,0,masala kaju,https://drive.google.com/file/d/14iwu5NCVuV9Km3vFYIco63duM2DhhX0b/view,masala kaju,0
1471,Pipe FRYUMS,Snacks & Papad,0,pipe fryums,https://drive.google.com/file/d/1nRTtzJNrFYO56UJyz30RNqPJB3S8bphz/view,pipe fryums,0
1472,Bat Shape Fryums,Snacks & Papad,0,bat shape fryums,https://drive.google.com/file/d/14AWX5yW3UFuWP1yCEPskDprSBH_aziQ0/view,bat shape fryums,0
1473,Anjeer,Dry Fruits & Nuts,0,anjeer,https://drive.google.com/file/d/1iwZC96QS5_X3oPq2Fu-Miv8I1E0G56lq/view,anjeer,0
1474,Pani Puri Peanuts,Dry Fruits & Nuts,0,pani puri peanuts,https://drive.google.com/file/d/1RH9OqhYjhHjsiqkynghTa1IKWYWuxXxH/view,pani puri peanuts,0
1475,Cloves Powder,Spices & Masalas,0,cloves powder,https://drive.google.com/file/d/1vQ95HL865sjN6Uac5bZoVeqWvhs2RMaY/view,cloves powder,0
1476,Soan Papri,Sweets,0,soan papri,https://drive.google.com/file/d/1-MHd-ZaJdxrFcCstvG5Ut5PZnp3iZVeq/view,soan papri,0
1477,Green Chilli Peanuts,Spices & Masalas,0,green chilli peanuts,https://drive.google.com/file/d/16G78ZFLhg75We47myAicMhIqGCUSin9W/view,green chilli peanuts,0
1478,Onion Powder,Spices & Masalas,0,onion powder,https://drive.google.com/file/d/171ZisM6Uno-eEE-_Qtiw2B-cT0IKl77c/view,onion powder,0
1479,Mong Tawa Chilla,Pulses & Dals,0,mong tawa chilla,https://drive.google.com/file/d/1IRRN4tXfXgQ_izNGLzL_oYZ-pVoKmqUC/view,mong tawa chilla,0
1480,Garlic Powder,Spices & Masalas,0,garlic powder,https://drive.google.com/file/d/1TN8RQjvlW14Vek9InyKTIm1ENSo7BQ6P/view,garlic powder,0
1481,Arborio Rice,Rice & Flour,0,arborio rice,https://drive.google.com/file/d/1TQnGQRqvt1xSjTRMh02sjppRy9gkNHen/view,arborio rice,0
1482,Taj Mahal Tea,Others,0,taj mahal tea,https://drive.google.com/file/d/1uiSBO8OnnGE0Cf70fw2KIMfugqAtFDM2/view,taj mahal tea,0
1483,Mong Vajjia,Pulses & Dals,0,mong vajjia,https://drive.google.com/file/d/1v-J2jiYJwHNoaVuMUq9HbjORiwU4WMpJ/view,mong vajjia,0
1484,Wheat Flakes,Rice & Flour,0,wheat flakes,https://drive.google.com/file/d/12JmCrjuk9sfx7fHcaPUTNwGSGnqH6kZk/view,wheat flakes,0
1485,Arborio,Others,0,arborio,https://drive.google.com/file/d/1A2VeIbt3gY5ojhtkXqVTuhu2zPOj84eu/view,arborio,0
1486,Cahews n,Dry Fruits & Nuts,0,cahews n,https://drive.google.com/file/d/1EnRLmk--oVfFQn9-_FKlBP1-y02xwsqP/view,cahews n,0
1487,Pine Nuts,Dry Fruits & Nuts,0,pine nuts,https://drive.google.com/file/d/1Gt-7StgN9Ctr8cTsLZHYIF9zRP4CuiAk/view,pine nuts,0
1488,Plum Sauce,Sauces & Pickles,0,plum sauce,https://drive.google.com/file/d/1J-CVUc9Hk6n2h7Lys7FKSiDPTiu4BLKV/view,plum sauce,0
1489,Platinium Almonds,Dry Fruits & Nuts,0,platinium almonds,https://drive.google.com/file/d/1OY9H-XiJHj2fGaa3vOXX747NnAfC0tYT/view,platinium almonds,0
1490,Missi Roti Atta,Rice & Flour,0,missi roti atta,https://drive.google.com/file/d/1OpdPjFiqtIUEIFi902PE9pq7IHddyh7N/view,missi roti atta,0
1491,Roasted Makhana,Dry Fruits & Nuts,0,roasted makhana,https://drive.google.com/file/d/1Wmq-5ckWlVSJZa5GlyEfAFfDO7lTrkcO/view,roasted makhana,0
1492,Pista Eliachi,Dry Fruits & Nuts,0,pista eliachi,https://drive.google.com/file/d/1ZWXpQuVnDcZBpoBidyd9Pru5yCzJNyap/view,pista eliachi,0
1493,Almonds,Dry Fruits & Nuts,0,almonds,https://drive.google.com/file/d/1ZqryIcHRzI9XGvTlseZHPrPPy2psmiEY/view,almonds,0
1494,Nuts Delight,Dry Fruits & Nuts,0,nuts delight,https://drive.google.com/file/d/1cxBJ72hs3O3Wv2uPWSDxO0gANdKrX9Te/view,nuts delight,0
1495,Chilgoza,Others,0,chilgoza,https://drive.google.com/file/d/1ergc9o4nQSZvxghPM51ahNjvB6JK_P8a/view,chilgoza,0
1496,Cashew,Dry Fruits & Nuts,0,cashew,https://drive.google.com/file/d/1qhVRp45ndvjgWSQ1EbY9hytgTPaVM8cq/view,cashew,0
1497,Almond Flakes,Dry Fruits & Nuts,0,almond flakes,https://drive.google.com/file/d/1sbirAQf5EShbN_Zbh9chdObXY_DIqnDD/view,almond flakes,0
1498,DF daily Farm,Others,0,df daily farm,https://drive.google.com/file/d/1FjURCRmBMFOBxsysyNesx0hRr-8CbCCe/view,df daily farm,0
1499,Veg Sauya Cheeps stinks,Others,0,veg sauya cheeps stinks,https://drive.google.com/file/d/1MLJ07RP6RKIUboEfrYUHg0JjAWEacpbu/view,veg sauya cheeps stinks,0
1500,Chicken Powder,Spices & Masalas,0,chicken powder,https://drive.google.com/file/d/1NC-2v6jpg2Xme05boXZhbS2vIcOkHNGU/view,chicken powder,0
1501,Fruit Jam,Sauces & Pickles,0,fruit jam,https://drive.google.com/file/d/1Oynwy93pgOzsMubX5E5TH6ewBQL3XhT4/view,fruit jam,0
1502,Penne Riggate,Pasta & Noodles,0,penne riggate,https://drive.google.com/file/d/1T62ug_o_3xvHzzegpVttPjBhz3gn02pc/view,penne riggate,0
1503,Hot Chilli Sauce,Spices & Masalas,0,hot chilli sauce,https://drive.google.com/file/d/1Ulj_oXxJmTASqluPbUAVuZ47jnlhUTZZ/view,hot chilli sauce,0
1504,Bru,Tea & Coffee,0,bru,https://drive.google.com/file/d/1_BDOjvIEPb5sV3JRMyYZEpam2SqNc2zd/view,bru,0
1505,peri peri sauce bottle,Spices & Masalas,0,peri peri sauce bottle,https://drive.google.com/file/d/1agDVCPt-JcCc0EPFUpAZI9F-r_d8kduu/view,peri peri sauce bottle,0
1506,Punjabi Pickle,Sauces & Pickles,0,punjabi pickle,https://drive.google.com/file/d/1akEypRz4j3FsyONEXmky1n0L5vW6nCAi/view,punjabi pickle,0
1507,Kali kismis,Dry Fruits & Nuts,0,kali kismis,https://drive.google.com/file/d/1cWZFK3hEs8RyakubNvNb0jHd6hRxdPyv/view,kali kismis,0
1508,Vermichelli,Others,0,vermichelli,https://drive.google.com/file/d/1g3M3NxagpW4bYP2jwv15cfHL4Gw6c-XG/view,vermichelli,0
1509,Equal Classic,Others,0,equal classic,https://drive.google.com/file/d/1iVBB4fZ-EiN-hqE6igfaqK5APqZT8e7B/view,equal classic,0
1510,Idli Mix,Rice & Flour,0,idli mix,https://drive.google.com/file/d/1k3JwuwXHOztnPcxvviZlx2kOdvbf8_7W/view,idli mix,0
1511,Dates,Dry Fruits & Nuts,0,dates,https://drive.google.com/file/d/1zl7RYrwegNXeCSk52I0wDDhUxsQqRWNG/view,dates,0
1512,orange bits,Others,0,orange bits,https://drive.google.com/file/d/10nMEWH-ZqZpjhQJ9eQtepSqxGDTNSvaT/view,orange bits,0
1513,safron,Others,0,safron,https://drive.google.com/file/d/17Yk2X7NUoarwSG6q8TCa2adkdhPIBbPN/view,safron,0
1514,Pitted Prune,Dry Fruits & Nuts,0,pitted prune,https://drive.google.com/file/d/1BJ9R4-wbBK03YPS9q8dNkyKIO8WQ7f75/view,pitted prune,0
1515,Black Raisins,Spices & Masalas,0,black raisins,https://drive.google.com/file/d/1TOevNPzBerFHTQA8OsZM_SVlJo_BHqU7/view,black raisins,0
1516,Biscoff,Snacks & Papad,0,biscoff,https://drive.google.com/file/d/1Vvr7FAdGEFi4OAqYB7o2IXfNr9Bu4Jn1/view,biscoff,0
1517,Crankeries,Others,0,crankeries,https://drive.google.com/file/d/1WmJjuMJG6iwXqyh5KxEvJ65x4krnH6bo/view,crankeries,0
1518,Tutti Fruity R,Dry Fruits & Nuts,0,tutti fruity r,https://drive.google.com/file/d/1XHyAwc3xcnpUjasV_32hpx8SwKLUngE2/view,tutti fruity r,0
1519,Sriracha Sauce,Sauces & Pickles,0,sriracha sauce,https://drive.google.com/file/d/1ZbLQn3PJP-7LGNKp1dyoxRvouGJ_hmRd/view,sriracha sauce,0
1520,Aromat Powder,Spices & Masalas,0,aromat powder,https://drive.google.com/file/d/1Zq_T6pi1Mjf0atTYVN6Ka_YTEfKvvqmK/view,aromat powder,0
1521,Tutti Fruity G,Dry Fruits & Nuts,0,tutti fruity g,https://drive.google.com/file/d/1bzp9RVA9jm_IfeMU9CDo80BhNGlN2YeP/view,tutti fruity g,0
1522,Javitra mauce Masala,Spices & Masalas,0,javitra mauce masala,https://drive.google.com/file/d/1-8iZueETTofpH8PqvMUmX0xsrrWKIvaI/view,javitra mauce masala,0
1523,Star Podwer,Others,0,star podwer,https://drive.google.com/file/d/1UpDyyf6_v-QN3wbQNKr-ri-c43dv6Zw0/view,star podwer,0
1524,Badam mouth Freshner,Others,0,badam mouth freshner,https://drive.google.com/file/d/1_AW92wJ4WT-oC-bEK9lhK17Mi1ndattc/view,badam mouth freshner,0
1525,Nutmec Powder,Spices & Masalas,0,nutmec powder,https://drive.google.com/file/d/1pPqBP5_PQqjEhtecJUGRUzmqhBIR5rgM/view,nutmec powder,0
1526,Tutti Fruiti,Dry Fruits & Nuts,0,tutti fruiti,https://drive.google.com/file/d/1y_TLt_BpH5d2Glv2U8MohHKS7XaodUoa/view,tutti fruiti,0
1527,White Peas,Others,0,white peas,https://drive.google.com/file/d/1LNTRsm4UbyTcLSjyDZsLeLgN-jr_sREA/view,white peas,0
1528,Sabit Mong,Pulses & Dals,0,sabit mong,https://drive.google.com/file/d/1YB6Lzgr2w63EaBbenKDLuRve3ZxFkCth/view,sabit mong,0
1529,Coconut Pow,Others,0,coconut pow,https://drive.google.com/file/d/1EFYbr7rb54r9kcrb6gDjgkOh3Z1UTups/view,coconut pow,0
1530,Rai,Spices & Masalas,0,rai,https://drive.google.com/file/d/1BVcvfZf2SmXi1kD22SsFYzNGn_VBDJTe/view,rai,0
1531,Dhaniya Pow,Spices & Masalas,0,dhaniya pow,https://drive.google.com/file/d/1EUdGfVmpVg-9xltWz7qLF914cY3Dy3l7/view,dhaniya pow,0
1532,Mirchi Pow,Others,0,mirchi pow,https://drive.google.com/file/d/1UAMQh6rRFUWCTCwFqe2c8zuaCPo8J82E/view,mirchi pow,0
1533,Silver Balls,Others,0,silver balls,https://drive.google.com/file/d/1iWhagyUQ1ZdHxnMQCy7nrxLkYDFP8tjE/view,silver balls,0
1534,Chat Masala,Spices & Masalas,0,chat masala,https://drive.google.com/file/d/13L6yxyO4xdSr1Cb5SIcBqepHZGpClMAO/view,chat masala,0
1535,Chana,Pulses & Dals,0,chana,https://drive.google.com/file/d/1yaU2rNwUuH2e_g07_IPlj2zfUT7qjBmG/view,chana,0
1536,Imly,Others,0,imly,https://drive.google.com/file/d/1O_2tAsbBF1UDMfRRefeYyv1MY1p5eI8Q/view,imly,0
1537,Kopra,Others,0,kopra,https://drive.google.com/file/d/1TIZ5JYdV-VXyS7hwMIQNl1mm3IOPSDtJ/view,kopra,0
1538,Eathing Soda,Baking,0,eathing soda,https://drive.google.com/file/d/1ijYvxRYOayHvX5DG4TVVxDz7zvSN1UXC/view,eathing soda,0
1539,Pili Rai,Spices & Masalas,0,pili rai,https://drive.google.com/file/d/1BCifEbgnNmjdiS-LP9EVy0zSlSPohfNQ/view,pili rai,0
1540,Curd Chilly,Dairy,0,curd chilly,https://drive.google.com/file/d/1FZEhFwljqkB_hMy5JXLibcgdE3E8WYgd/view,curd chilly,0
1541,Kabab Chini,Spices & Masalas,0,kabab chini,https://drive.google.com/file/d/1cK_yn-M7z1xZeCunlJ0fM61_zYPnJFhQ/view,kabab chini,0
1542,Idly Karampuri,Rice & Flour,0,idly karampuri,https://drive.google.com/file/d/1CcTZFm_8LUeg6PcwyadkDKGAZKYKptYz/view,idly karampuri,0
1543,Besan,Rice & Flour,0,besan,https://drive.google.com/file/d/1U9MfDPiJ4PZ_4BHXIfp9zDnxUO97fDR9/view,besan,0
1544,Badam,Others,0,badam,https://drive.google.com/file/d/1A_w2kkD7yhT_akKz7mbXD1Qrv_vhLsZC/view,badam,0
1545,Gram Masal S,Others,0,gram masal s,https://drive.google.com/file/d/1RmzYWTcvOa-emj7bgi_9e3vge_gcJqBp/view,gram masal s,0
1546,Gram Masala L,Spices & Masalas,0,gram masala l,https://drive.google.com/file/d/1DYu44Iz1ml-BkQI3z7VtEe3fLG03X2cL/view,gram masala l,0
1547,Bhagar,Rice & Flour,0,bhagar,https://drive.google.com/file/d/1OxOY0Djd6mIPqkgAfgj3Ij6NYyXBP-KE/view,bhagar,0
1548,Jeera Powdeer,Spices & Masalas,0,jeera powdeer,https://drive.google.com/file/d/1vuawktRmfUbTFqnq8zGVupPJZEWmMZin/view,jeera powdeer,0
1549,Lychee Crush,Beverages & Syrups,0,lychee crush,https://drive.google.com/file/d/13q0AINQIIlAhuXVJqOZATOYmg-7x4zju/view,lychee crush,0
1550,LG,Others,0,lg,https://drive.google.com/file/d/157FjIvTDi0Py1Z4pUBSPKOpBvniAB9_p/view,lg,0
1551,Sri Haldi Powder,Spices & Masalas,0,sri haldi powder,https://drive.google.com/file/d/1g2oGX50EIY_exW4ReURl09B9UGgHlK35/view,sri haldi powder,0
1552,Furtune Oil,Oils & Ghee,0,furtune oil,https://drive.google.com/file/d/1_chDVPEciZavRLi-bniPpJUsg1jdheEt/view,furtune oil,0
1553,Black Pepper Sachet,Spices & Masalas,0,black pepper sachet,https://drive.google.com/file/d/1qCdJNaJUmHNXQfbqnMAnl0HbcueKGaiX/view,black pepper sachet,0
1554,Tajmahal Gulkhand,Beverages & Syrups,0,tajmahal gulkhand,https://drive.google.com/file/d/1hfc6jOfqLbbSWqizyb0KPE87af_zZL7a/view,tajmahal gulkhand,0
1555,Guruji Kesaria,Others,0,guruji kesaria,https://drive.google.com/file/d/1XBcEVJKET2vOT_6cHz4rwW8I1wRnssyQ/view,guruji kesaria,0
1556,Malas Mango Crush,Beverages & Syrups,0,malas mango crush,https://drive.google.com/file/d/1ssUyOZbIfyY-Og3wLMzB59v1k5H060d0/view,malas mango crush,0
1557,Manpasand Bhagar,Rice & Flour,0,manpasand bhagar,https://drive.google.com/file/d/1U8gfJAWKY9w_JdBOU0Nk5ZsMIUpUxp-q/view,manpasand bhagar,0
1558,Sabu Sabu,Others,0,sabu sabu,https://drive.google.com/file/d/1jHvJQu616KSCpbPwd8zGWapK5NA1BYcn/view,sabu sabu,0
1559,Badshah Masala,Spices & Masalas,0,badshah masala,https://drive.google.com/file/d/16WAoJIXHRvEuoRbW8gBLCjBAefu5tt1V/view,badshah masala,0
1560,Everest Chaat Masala,Spices & Masalas,0,everest chaat masala,https://drive.google.com/file/d/1ntw67kGr5A01gUdM-9ALRPaA1WagqU7s/view,everest chaat masala,0
1561,Doda Elachi,Others,0,doda elachi,https://drive.google.com/file/d/1jfTVh_vjBX4RMItmn_YlE2rLBH5Tk9Ub/view,doda elachi,0
1562,Glucon D,Others,0,glucon d,https://drive.google.com/file/d/1B9RB4muZYD3EbQQEKZ-y8kO1ZwxDEyQI/view,glucon d,0
1563,T Plus Masala,Spices & Masalas,0,t plus masala,https://drive.google.com/file/d/1uK8hZ1xa8ilbeauIJemQtf5xCMrxdWlr/view,t plus masala,0
1564,Rai Powder,Spices & Masalas,0,rai powder,https://drive.google.com/file/d/1J53JoQrLUs2FKvmsCwXMK5A-Obrax4XN/view,rai powder,0
1565,Chetan Coconut Powder,Others,0,chetan coconut powder,https://drive.google.com/file/d/1BPHYVQXtGbEgdeql3Vb1lCooI-D86bF7/view,chetan coconut powder,0
1566,Rock Salt,Spices & Masalas,0,rock salt,https://drive.google.com/file/d/1HjS-sbL0FNyioSoooopxBW_bmstH9zaG/view,rock salt,0
1567,Lal Mirchi Powder,Spices & Masalas,0,lal mirchi powder,https://drive.google.com/file/d/1TrlpjYwwti6FXAQSyWM7etvP6MHKydKP/view,lal mirchi powder,0
1568,Sukh Mukh,Others,0,sukh mukh,https://drive.google.com/file/d/1IbDfZ6HIlA7i04hA9jOeleMozMtZPrg6/view,sukh mukh,0
1569,Marathi Muga,Others,0,marathi muga,https://drive.google.com/file/d/11kNEZuPQtsOzgYAVAVNtDhThN6bOn3oY/view,marathi muga,0
1570,Kismish,Dry Fruits & Nuts,0,kismish,https://drive.google.com/file/d/1BA0mjcV1h7La5xqda0yIOI7UEGXnUmof/view,kismish,0
1571,Kalojni,Others,0,kalojni,https://drive.google.com/file/d/1gM4vDfNr5THEWdWjEUT75HfpUUxglRKX/view,kalojni,0
1572,W Tilli,Seeds,0,w tilli,https://drive.google.com/file/d/10TJMQQFky8bFeZo3uTpOAGEq4VYaDbbq/view,w tilli,0
1573,Methi,Others,0,methi,https://drive.google.com/file/d/1m3mCIFddcPMpq1i6buwc5AmAFvo1W1oW/view,methi,0
1574,C Mirchi,Others,0,c mirchi,https://drive.google.com/file/d/1Kpx1ULIJ0TvBeR9szDqVB4AKSYrrW35b/view,c mirchi,0
1575,Loung,Others,0,loung,https://drive.google.com/file/d/1CZXWeR9Lvc26L8kYl5PP0L66ICiuDi5a/view,loung,0
1576,Tejpata,Others,0,tejpata,https://drive.google.com/file/d/1mA3XloD4V9HBhh5IKXiAQUn_kcA2T9aO/view,tejpata,0
1577,White Pepper,Spices & Masalas,0,white pepper,https://drive.google.com/file/d/178aE1iEvsznSze7BEnQ0cuiz-hPVepWH/view,white pepper,0
1578,P Phool,Others,0,p phool,https://drive.google.com/file/d/1qos2QZ7xCMKte6ph_0Qe_kWIxU2nH0HY/view,p phool,0
1579,Gundu,Others,0,gundu,https://drive.google.com/file/d/1GVIEnZYCDSwT6zwsZKXo4h43_MsG02Fx/view,gundu,0
1580,Masoor Whole,Pulses & Dals,0,masoor whole,https://drive.google.com/file/d/1dpF_bg3Az89dVg9pCrnrESYovdjFQhPB/view,masoor whole,0
1581,Masoor Dal,Pulses & Dals,0,masoor dal,https://drive.google.com/file/d/16QmjpKx147kFBtwBX9KQpBcDy_Clp0Y0/view,masoor dal,0
1582,Barley,Others,0,barley,https://drive.google.com/file/d/1KCF2Q0faTCU_fe-gCco2cyc7hWI4vUIP/view,barley,0
1583,K Chana Spl,Pulses & Dals,0,k chana spl,https://drive.google.com/file/d/1AS2CCHUJVQruL30-n7CAITgZpJw-jOhk/view,k chana spl,0
1584,Sabja,Seeds,0,sabja,https://drive.google.com/file/d/11QN_MuOzUUgz2HWjNlkQxYMkvqW37soi/view,sabja,0
1585,Gundu Split,Rice & Flour,0,gundu split,https://drive.google.com/file/d/10Z3Sbim94rmTfjID_4ZFNhGEomd_1Ppn/view,gundu split,0
1586,White Til,Others,0,white til,https://drive.google.com/file/d/1DSkp2kD_STOr7XhwUZKG-VgnCr5DHVl2/view,white til,0
1587,Kaju 8pcs,Dry Fruits & Nuts,0,kaju 8pcs,https://drive.google.com/file/d/1pP9du9AN0RnXiF7haLspH9-II3TLwi_i/view,kaju 8pcs,0
1588,Kaju 4pcs,Dry Fruits & Nuts,0,kaju 4pcs,https://drive.google.com/file/d/1op9gGJ8SG_25mC2Fg6AgKt9_5_Jo9KqL/view,kaju 4pcs,0
1589,Kaju 12pcs,Dry Fruits & Nuts,0,kaju 12pcs,https://drive.google.com/file/d/1k-v5MyxNy6zIXUVbvNoIfetrxZYOkOjT/view,kaju 12pcs,0
1590,Pista,Dry Fruits & Nuts,0,pista,https://drive.google.com/file/d/1XvOrWOdE4wjvuG88N1R_o4PHoKi0b4XR/view,pista,0
1591,SF Seads,Others,0,sf seads,https://drive.google.com/file/d/1tEJwBi2e98hx65InALOp4zIrMR0yzDlx/view,sf seads,0
1592,Nimbustand,Others,0,nimbustand,https://drive.google.com/file/d/1nlA1dJSalIj5KKQk0gpObkqhzZicu0rs/view,nimbustand,0
1593,Rajrira,Others,0,rajrira,https://drive.google.com/file/d/1LM3IbOSqGSRZUhZTLvNe8FAH5a81kyT-/view,rajrira,0
1594,Haldi Pow,Spices & Masalas,0,haldi pow,https://drive.google.com/file/d/1C2hKBDdD46KKWIjUYAG6I-BexuBsbwK5/view,haldi pow,0
1595,S Mirchi,Others,0,s mirchi,https://drive.google.com/file/d/1EccDWUSz2jm-VAXN97Mn13dqfFIfOE1d/view,s mirchi,0
1596,Dalchini,Pulses & Dals,0,dalchini,https://drive.google.com/file/d/1VZ2TYfxA8xYdX8dXp7SryiREyXxhFl6X/view,dalchini,0
1597,Chat Papadi,Snacks & Papad,0,chat papadi,https://drive.google.com/file/d/1WjZnagxjrBZgHw6rJuuvahF1OeHx8ZHm/view,chat papadi,0
1598,Kukmas,Others,0,kukmas,https://drive.google.com/file/d/1gtwuSQ5WZ-5xlexzJbGcW2CMlF1Mtnyn/view,kukmas,0
1599,Khurbani,Dry Fruits & Nuts,0,khurbani,https://drive.google.com/file/d/1b8ry8LuzbaeZaBn3Na0GYIZf5RKu_t-s/view,khurbani,0
1600,Javitri Spl,Spices & Masalas,0,javitri spl,https://drive.google.com/file/d/1Aa_E--_jkuBbiaWeHAeTFWS1f8Nz9nFq/view,javitri spl,0
1601,Meal Maker,Others,0,meal maker,https://drive.google.com/file/d/1h9dZNC9nyrJT4zOrz92a5KzjEn8MNu9B/view,meal maker,0
1602,Urad Dal,Pulses & Dals,0,urad dal,https://drive.google.com/file/d/1FMUAy-DVQyvhWGeanXD1qSFJSFpMMo2_/view,urad dal,0
1603,Mong Dal,Pulses & Dals,0,mong dal,https://drive.google.com/file/d/1zZnMSWPj5YZlFGEM28e6UHNLXjeC-vo4/view,mong dal,0
1604,B Rajma,Pulses & Dals,0,b rajma,https://drive.google.com/file/d/1S2csJIdP5epuuZPx1HQvqJjV1NQSllhi/view,b rajma,0
1605,Jeera,Spices & Masalas,0,jeera,https://drive.google.com/file/d/1yJZkWDjzZV_DD3Hb6N_fW2pylS6kK48O/view,jeera,0
1606,Sangari,Others,0,sangari,https://drive.google.com/file/d/1ChZxGaBlL9_X9Xwj6QXX-9KyQjNg1aHN/view,sangari,0
1607,Lobiya,Pulses & Dals,0,lobiya,https://drive.google.com/file/d/1JGY9ureji3QmYUlPH2TOIoN37jpBK6ka/view,lobiya,0
1608,Rajma,Pulses & Dals,0,rajma,https://drive.google.com/file/d/1AKcRkO-SBVPesT_19a2MVlFQDRd23Tlg/view,rajma,0
1609,Chilka Mong Dal,Pulses & Dals,0,chilka mong dal,https://drive.google.com/file/d/13ygGXco3UMaUgebnPNtGZ8M49cnqaJz4/view,chilka mong dal,0
1610,Rice Flour,Rice & Flour,0,rice flour,https://drive.google.com/file/d/1XVdQ_r1Mm6W2o5KyKt85YyeiNCBSZCF-/view,rice flour,0
1611,Little Millet,Rice & Flour,0,little millet,https://drive.google.com/file/d/1t0rKhw6WgYJXZKK1wVbqq3foqrjBG2H4/view,little millet,0
1612,Watermelon Seeds,Seeds,0,watermelon seeds,https://drive.google.com/file/d/1SP5has45CEvSynvBANxnDqY1fi7Lc7Pz/view,watermelon seeds,0
1613,Jawari,Rice & Flour,0,jawari,https://drive.google.com/file/d/15nm7sbnE4G7CHY4bos5Cg5roMfe3qE_I/view,jawari,0
1614,Idly Rava,Rice & Flour,0,idly rava,https://drive.google.com/file/d/19z2BGFRWTlSxBO5OxwOOFq3HusYm0Vt5/view,idly rava,0
1615,Ragi Whole,Others,0,ragi whole,https://drive.google.com/file/d/1uE8Te3lxJkaB8fQ9g0-lLMK2YS0KUL1v/view,ragi whole,0
1616,Ragi Atta,Rice & Flour,0,ragi atta,https://drive.google.com/file/d/1BbMm-Ca_tONDWWbSPH8WxzSg1c-hX52W/view,ragi atta,0
1617,Quinoa,Rice & Flour,0,quinoa,https://drive.google.com/file/d/1Bl3-4Oy_XTdEVqzOoaBWu_MoxXwrtBcj/view,quinoa,0
1618,Shah Jeera,Spices & Masalas,0,shah jeera,https://drive.google.com/file/d/1BSEEooFzEyIYT38xB1W0xhT-Agtl8vGk/view,shah jeera,0
1619,Dhania,Others,0,dhania,https://drive.google.com/file/d/1cGsxJeAb63pLowdzSqwW8CqMYqH0McKi/view,dhania,0
1620,Poha,Rice & Flour,0,poha,https://drive.google.com/file/d/1iN0lls42ecRoc-bg8RyZUYZtMEw1SApD/view,poha,0
1621,Sabudana,Others,0,sabudana,https://drive.google.com/file/d/1Fkj8k0TlW6-xOWae1QOgMmy5t0YqV2Fc/view,sabudana,0
1622,Pumkin Seeds,Seeds,0,pumkin seeds,https://drive.google.com/file/d/1DEHtdD5IYbMpvhh47yF4ARO_vn0LkcLi/view,pumkin seeds,0
1623,Clove,Spices & Masalas,0,clove,https://drive.google.com/file/d/1swJ7tZzp4nGn_eUMvUu0v5k_f70OXLIp/view,clove,0
1624,Idly Rice,Rice & Flour,0,idly rice,https://drive.google.com/file/d/1RpoST6FKlexoUZmF6gmgS557RnOLrWBM/view,idly rice,0
1625,Monin Coconut,Others,0,monin coconut,https://drive.google.com/file/d/1Rmtp0ouuaLexVNHn6ug6qFG7ECN4Vqx-/view,monin coconut,0
1626,Horlicks,Tea & Coffee,0,horlicks,https://drive.google.com/file/d/1NNTTBCd4dzpe8IbDEuUhXrcrYVi5enI4/view,horlicks,0
1627,MDH Deggi Mirchi,Others,0,mdh deggi mirchi,https://drive.google.com/file/d/1nmyR46FOewAvirtqZRLWNyAVEau-TmKs/view,mdh deggi mirchi,0
1628,Badsha Fish Masala,Spices & Masalas,0,badsha fish masala,https://drive.google.com/file/d/1Sc_KWv3RmuHHfQYOKA33-xQVMVKN_jKC/view,badsha fish masala,0
1629,Chhole Masala,Spices & Masalas,0,chhole masala,https://drive.google.com/file/d/1KhII3BF9b48UNmpKOlybyXqNoTWhthVU/view,chhole masala,0
1630,MDH Chicken Masala,Spices & Masalas,0,mdh chicken masala,https://drive.google.com/file/d/100r3icPyx2WWa61yxi839ZJbzgmOrF5v/view,mdh chicken masala,0
1631,Red Label,Others,0,red label,https://drive.google.com/file/d/1f2NINW_1V5CX9vqihoISzEwbxQ8k0GNK/view,red label,0
1632,Everest Sambhar Masala,Spices & Masalas,0,everest sambhar masala,https://drive.google.com/file/d/1qtxPQ9j8OTBhfAZRClPP8U-yMH2w-8d3/view,everest sambhar masala,0
1633,Phav Bhaji Masala,Spices & Masalas,0,phav bhaji masala,https://drive.google.com/file/d/1QIcR8_TSvEq6HT17K4VkxPhXzPEu-Nd1/view,phav bhaji masala,0
1634,Jaljeera,Spices & Masalas,0,jaljeera,https://drive.google.com/file/d/1HfxRxJFS1zzHrUCZf6NU4QtAnrwgCCeG/view,jaljeera,0
1635,Pav Bhachi Masala,Spices & Masalas,0,pav bhachi masala,https://drive.google.com/file/d/1k04OlnQnHc_K53PF82bpoVhiOQfRA0Nb/view,pav bhachi masala,0
1636,Dry Ginger Powder,Spices & Masalas,0,dry ginger powder,https://drive.google.com/file/d/1Kt7caQb6B7B30k5ehHQOOoD0XNy9qTA9/view,dry ginger powder,0
1637,Button Mashroom,Others,0,button mashroom,https://drive.google.com/file/d/1MX1cX9oqi2fw_Fu5peF59lGM4P5AbEba/view,button mashroom,0
1638,Red Cherry,Others,0,red cherry,https://drive.google.com/file/d/1_7vfqne3XlnSRts9vwhG0kSnjEHkmPXg/view,red cherry,0
1639,Roofza,Others,0,roofza,https://drive.google.com/file/d/1H4KlnuJzuQo2N8Rpi-CC_MFNR7TzoSWQ/view,roofza,0
1640,Tomato Puree,Sauces & Pickles,0,tomato puree,https://drive.google.com/file/d/1_cls-yt2wG_MvyMWzDEM33zYi1u9ljlz/view,tomato puree,0
1641,Sarsu ka saag,Others,0,sarsu ka saag,https://drive.google.com/file/d/1tWns6LIGTU7yyL3DhvEXxqnouhzJ21ex/view,sarsu ka saag,0
1642,Jalapeno Slice,Sauces & Pickles,0,jalapeno slice,https://drive.google.com/file/d/1_pU7CE0Ir9V4Kkmq4xu-VPARGKhZ6zhf/view,jalapeno slice,0
1643,Multi Purpose Olive Oil,Oils & Ghee,0,multi purpose olive oil,https://drive.google.com/file/d/152nYRUszBbtdjyu5-jBB7NNapPqIpGAs/view,multi purpose olive oil,0
1644,Telgu Non Veg C masala,Spices & Masalas,0,telgu non veg c masala,https://drive.google.com/file/d/1eMglUUg-Rct0En1bhrg1pDygFMVnMRKP/view,telgu non veg c masala,0
1645,Telgu Pulhera Paste,Sauces & Pickles,0,telgu pulhera paste,https://drive.google.com/file/d/1_vErFa0mnlhp4_xg9xpf7XR9Rcc05vIG/view,telgu pulhera paste,0
1646,Green Curryb Paste,Sauces & Pickles,0,green curryb paste,https://drive.google.com/file/d/1OnjLqHXfHa22rNpavjrKn7Kkxxf6L8Us/view,green curryb paste,0
1647,Soup Paste,Sauces & Pickles,0,soup paste,https://drive.google.com/file/d/134i2YtzClh1TQpuapncbNpgAHrwdi7Pl/view,soup paste,0
1648,Toor Dal,Pulses & Dals,0,toor dal,https://drive.google.com/file/d/1tIoSqUI3rc2mJ0jCr5LnQ-FL8vLhKq2r/view,toor dal,0
1649,Phutana Dal,Pulses & Dals,0,phutana dal,https://drive.google.com/file/d/1AALCtyv9hri3_RPWJUAvGWjoCexA828j/view,phutana dal,0
1650,Monin,Others,0,monin,https://drive.google.com/file/d/12scO6rl28yeUcRxrL3GeJ-PkxWrXE341/view,monin,0
1651,Black Olives,Oils & Ghee,0,black olives,https://drive.google.com/file/d/1gtMp1zDp1hTgVHRrlQJ0Rim5oyKfZxhW/view,black olives,0
1652,Olives,Oils & Ghee,0,olives,https://drive.google.com/file/d/1GIsHomSDvhF34SOnnktiqv7UvdxJYWjP/view,olives,0
1653,Syrup Strawberry Flavour,Beverages & Syrups,0,syrup strawberry flavour,https://drive.google.com/file/d/1OGVWEPzmswdqsPybQxupftG5aXKUv9MN/view,syrup strawberry flavour,0
1654,Syrup Chocolate Flavour,Beverages & Syrups,0,syrup chocolate flavour,https://drive.google.com/file/d/1VksRJD9URlEQpwR94xV55sWsRjbVCuUI/view,syrup chocolate flavour,0
1655,Salad Oil,Oils & Ghee,0,salad oil,https://drive.google.com/file/d/1RTX0IVspG5qLYs2QXUD8DuWwG7drM5zz/view,salad oil,0
1656,Black Vinegar,Sauces & Pickles,0,black vinegar,https://drive.google.com/file/d/1t3RP0VwbzLsJq_YbczHwvxe0G8Ioevd8/view,black vinegar,0
1657,Synthetic Vinegar,Sauces & Pickles,0,synthetic vinegar,https://drive.google.com/file/d/11GbD9TOVdCdd-o6HcOgYLuIqHbTRRQuM/view,synthetic vinegar,0
1658,PIRI PIRI,Others,0,piri piri,https://drive.google.com/file/d/18l2bjmH0bDY9g_dLw2laQSpHIUzNEdOd/view,piri piri,0
1659,Jaljira Podwer,Others,0,jaljira podwer,https://drive.google.com/file/d/1lkQWRSocjS9u4ys8vMxwI_MzxsDb8J7z/view,jaljira podwer,0
1660,Gram Masala,Spices & Masalas,0,gram masala,https://drive.google.com/file/d/1l_QLZ7b1AB_efzznRl2m5GpeEGqsfs6m/view,gram masala,0
1661,Swastic Ghee,Oils & Ghee,0,swastic ghee,https://drive.google.com/file/d/1twllrMRs3nxjG6UaQLUpYOlKV6vMljAN/view,swastic ghee,0
1662,Cumin Powder,Spices & Masalas,0,cumin powder,https://drive.google.com/file/d/1bTPIsc_gurr2ljAMdkymBZHpUDu2ZMKF/view,cumin powder,0
1663,SRI Ramdev Atta,Rice & Flour,0,sri ramdev atta,https://drive.google.com/file/d/1L5MG5SLOYCJamhqc_-fl6aA5e7A_Db8W/view,sri ramdev atta,0
1664,8 to 8 Sauce,Sauces & Pickles,0,8 to 8 sauce,https://drive.google.com/file/d/1MVB0ny-SmLefMG_yrABkWjjBfgTytjHp/view,8 to 8 sauce,0
1665,GC Culiary Sauce,Sauces & Pickles,0,gc culiary sauce,https://drive.google.com/file/d/1tfrEEHbsqusw9Gu4OqqCm2pYuw8tUm2d/view,gc culiary sauce,0
1666,Trust Sugar Sachet,Others,0,trust sugar sachet,https://drive.google.com/file/d/1wayJTQWeJI66lDxc01QoGMqkD5zUOHxm/view,trust sugar sachet,0
1667,Panch Phoran,Spices & Masalas,0,panch phoran,https://drive.google.com/file/d/1lGwxxBwGfFn6ojXtzobAEwNfZ2J4Ziw_/view,panch phoran,0
1668,Shahi Jeera,Spices & Masalas,0,shahi jeera,https://drive.google.com/file/d/1p2kOJCVdW3HpB4cUv9wBfqVZzEVYrbxu/view,shahi jeera,0
1669,Flex Seed,Spices & Masalas,0,flex seed,https://drive.google.com/file/d/19Lquhr-M1XPuLAIMKfPcyexq4eTQ8H0e/view,flex seed,0
1670,Black Mustard Seed,Spices & Masalas,0,black mustard seed,https://drive.google.com/file/d/19EKJCR76QjBPvaik1Gpy9H0d9KSJCMi1/view,black mustard seed,0
1671,Premium Magaj,Others,0,premium magaj,https://drive.google.com/file/d/1DVX-IbP7Wi_Fr7NHnMT1X_vq5VUipZL7/view,premium magaj,0
1672,Basmati Rice 30kg,Rice & Flour,0,basmati rice 30kg,https://drive.google.com/file/d/1IPtX8aKFtTheq67pxW13RzRiWIIz-Pvx/view,basmati rice 30kg,0
1673,Hoisin Sauce 240g,Sauces & Pickles,0,hoisin sauce 240g,https://drive.google.com/file/d/1UFpR3MsS9KoPcy2HB2tqWeFMhG7wiB2Y/view,hoisin sauce 240g,0
1674,Jawari Atta,Rice & Flour,0,jawari atta,https://drive.google.com/file/d/1SKX18_Xa9O9eUuO7xwDrPMl4prpJm9TQ/view,jawari atta,0
1675,Kohinoor XXXL,Others,0,kohinoor xxxl,https://drive.google.com/file/d/1Lr5_TaU51G_oYtx86BU5qpr5Ek1D83Bc/view,kohinoor xxxl,0
1676,Coco Mix Powder,Spices & Masalas,0,coco mix powder,https://drive.google.com/file/d/1v3Qq_uOBLnRkBYmFshmJT841a7EXkdkT/view,coco mix powder,0
1677,Durga Ghee,Oils & Ghee,0,durga ghee,https://drive.google.com/file/d/1VXJ6QtS9bNRXh_mSAbmx-aJ6ZDLy5ocR/view,durga ghee,0
1678,Cling Flim 300mts,Others,0,cling flim 300mts,https://drive.google.com/file/d/1UpYDTUY-Ec6kj6R7LfwsLet130TPulZe/view,cling flim 300mts,0
1679,Soya Bari,Others,0,soya bari,https://drive.google.com/file/d/1QyZLkfalBo1WyHLqMdvN0GH1zcIre3kS/view,soya bari,0
1680,Straberry Crush,Sauces & Pickles,0,straberry crush,https://drive.google.com/file/d/1nbP98k8qEbQqOVMZr3L5FHhn8rdkb9xe/view,straberry crush,0
1681,Potato 2D,Others,0,potato 2d,https://drive.google.com/file/d/1H67JLV_MscJdgfH0IzAVlLmnZVKroAbM/view,potato 2d,0
1682,VaraLaxmi Sabudana,Others,0,varalaxmi sabudana,https://drive.google.com/file/d/1ODqyOVQEDaBR5cyviZFm1fF0L1KdrLpU/view,varalaxmi sabudana,0
1683,Sri Lal Mirch Powder,Spices & Masalas,0,sri lal mirch powder,https://drive.google.com/file/d/1L3jshpFsifeAkbsCJ7-QXLlqWtXOY6gK/view,sri lal mirch powder,0
1684,3 Mango Chilli Powder,Spices & Masalas,0,3 mango chilli powder,https://drive.google.com/file/d/1HZRp7cJ4q2jSkNCZxMdfo7DHQkY4kE1q/view,3 mango chilli powder,0
1685,Corn Floor,Rice & Flour,0,corn floor,https://drive.google.com/file/d/1M6KejhX22O_gjOj3q4I6BgNCf7T9nejh/view,corn floor,0
1686,Everest Gram Masala,Spices & Masalas,0,everest gram masala,https://drive.google.com/file/d/1Dw1aPkRoVTJyo7TrKKq7iQLRbIM6uhqs/view,everest gram masala,0
1687,Everest Meat Masala,Spices & Masalas,0,everest meat masala,https://drive.google.com/file/d/1G_c0k99Kn_6VXwodrWyX2qSdqW9cJFr8/view,everest meat masala,0
1688,GC Whole Peeled Tomato Sauce,Sauces & Pickles,0,gc whole peeled tomato sauce,https://drive.google.com/file/d/1fhWH3jaxwRtbZb5SJFg5-Kzu2LrNBQmy/view,gc whole peeled tomato sauce,0
1689,Puro Healthy Salt,Others,0,puro healthy salt,https://drive.google.com/file/d/1V5UjbWSCP4zlqxeurhyoRC5Qt-5wIGtv/view,puro healthy salt,0
1690,Super Gram Masala Aachi,Spices & Masalas,0,super gram masala aachi,https://drive.google.com/file/d/1LMzE5EErejMm6i16utZlqYiKSclqtBr-/view,super gram masala aachi,0
1691,MDH Sonth Powder,Spices & Masalas,0,mdh sonth powder,https://drive.google.com/file/d/1IL458X9Ej7kI1Omv9bQvkyEWN3YF4mQ_/view,mdh sonth powder,0
1692,Tandoori Chicken Masala,Spices & Masalas,0,tandoori chicken masala,https://drive.google.com/file/d/1iYMn2sXX4O8p7csgriRYheYawe1Cvf4f/view,tandoori chicken masala,0
1693,GC Button Mashroom,Others,0,gc button mashroom,https://drive.google.com/file/d/1L58SBq1jNAsG5VIfmN4FH__9is5MbHrZ/view,gc button mashroom,0
1694,GC Sweet Corn,Rice & Flour,0,gc sweet corn,https://drive.google.com/file/d/1TOg_5kb1yWUoonGc6wxBvfnlgvMJSSsT/view,gc sweet corn,0
1695,Hoisin Sauce 2.27kg,Sauces & Pickles,0,hoisin sauce 2.27kg,https://drive.google.com/file/d/1XsgiL3WW7q405ne7S1RJUrYqzivaMdV_/view,hoisin sauce 2.27kg,0
1696,GC Sweet Corn Cream,Rice & Flour,0,gc sweet corn cream,https://drive.google.com/file/d/19-Wf8_8rfq8IXxxU8lrLlP045ZUPsvnh/view,gc sweet corn cream,0
1697,GC Baked Bins Sauce,Sauces & Pickles,0,gc baked bins sauce,https://drive.google.com/file/d/1QZKTbwmj8Pc5CkdfbBnuCybHtbsu258I/view,gc baked bins sauce,0
1698,Fecan Nuts,Others,0,fecan nuts,https://drive.google.com/file/d/1bFFKqX5GwNYZ7UrSX14a4ACEeL-f3uFb/view,fecan nuts,0
1699,Dry Figs,Others,0,dry figs,https://drive.google.com/file/d/1cF2muHK71_tMBnm3ZKwg2499cqBG5zLs/view,dry figs,0
1700,Methi Powder,Spices & Masalas,0,methi powder,https://drive.google.com/file/d/1P_uZ-2pSbDRgXKVAcOZ4dBqMuHvmuqox/view,methi powder,0
1701,Chocos No 1,Others,0,chocos no 1,https://drive.google.com/file/d/1IkhCmowyQhED-T9wIF_kgVtifQadcX5d/view,chocos no 1,0
1702,Chaat Masala Tata,Spices & Masalas,0,chaat masala tata,https://drive.google.com/file/d/1baadbzpE9f9uun3ajI3OchTYeTu4PFBA/view,chaat masala tata,0
1703,Muglay Metha Athar,Others,0,muglay metha athar,https://drive.google.com/file/d/1oAzY15vtOazjZM61mI2HboTu_T2mrH2Z/view,muglay metha athar,0
1704,Walnuts Kernels,Others,0,walnuts kernels,https://drive.google.com/file/d/10KB-J5ok4mfjfSL7NfecYPZFVVj8-4Is/view,walnuts kernels,0
1705,Almonds California,Others,0,almonds california,https://drive.google.com/file/d/1PHY5nyYWlTzBUL0jrib1JrvMrTBS8Au7/view,almonds california,0
1706,Khatta Metha,Rice & Flour,0,khatta metha,https://drive.google.com/file/d/1JOJJUGXyW6jWm2qkArsOCTBrnveDRX90/view,khatta metha,0
1707,Sweet Chilli Sauce,Sauces & Pickles,0,sweet chilli sauce,https://drive.google.com/file/d/1SbeXQQv5O9deH63UDpsdV_b9Kniby9DJ/view,sweet chilli sauce,0
1708,Swastic Vinegar,Sauces & Pickles,0,swastic vinegar,https://drive.google.com/file/d/1Elz32R5k0-u-7FX-VSn-oBKGtsmrC-m8/view,swastic vinegar,0
1709,Hoisin Sauce,Sauces & Pickles,0,hoisin sauce,https://drive.google.com/file/d/12WPjny5LcUFfC2wmLi14YxGGMLhdqTRg/view,hoisin sauce,0
1710,French Fries 6mm,Others,0,french fries 6mm,https://drive.google.com/file/d/1b3osFUN0qbTbPYhT2MZ44G2n0ydESm7x/view,french fries 6mm,0
1711,Kewal Spices,Others,0,kewal spices,https://drive.google.com/file/d/1MFEj68SvWgZ5raW5U8fM8JbroS-bZ4cs/view,kewal spices,0
1712,Amchur Powder,Spices & Masalas,0,amchur powder,https://drive.google.com/file/d/1JU1NvhZAOTbW9C7YJsG3mfcLF5h9LM92/view,amchur powder,0
1713,Nacho Chips,Others,0,nacho chips,https://drive.google.com/file/d/17J0fYVE-bNfCZ5wEopZR8R7FY2hj_jiL/view,nacho chips,0
1714,Chicken Biryani Masala,Spices & Masalas,0,chicken biryani masala,https://drive.google.com/file/d/1Yel3v0BiwkgtffduP8sxmVqiTjYrAMYH/view,chicken biryani masala,0
1715,Curry Powder,Spices & Masalas,0,curry powder,https://drive.google.com/file/d/14u9So4kjdyUdrm8WJ_W9-MjvDsJSc77k/view,curry powder,0
1716,Tea Masala,Spices & Masalas,0,tea masala,https://drive.google.com/file/d/134HCtfNRt6fvqedRMp_azZVgn2_UAnIN/view,tea masala,0
1717,Premium Coconut Powder,Spices & Masalas,0,premium coconut powder,https://drive.google.com/file/d/1Bqzlpsex4yIH2A6GELtQPJFd651CslvA/view,premium coconut powder,0
1718,Red Vine Vinegar,Sauces & Pickles,0,red vine vinegar,https://drive.google.com/file/d/1ELxNRUeGA4PdobFZc6nOSM9oEctvdkt7/view,red vine vinegar,0
1719,Fish Sauce,Sauces & Pickles,0,fish sauce,https://drive.google.com/file/d/15hbwA8NuYgYhpTopH3p9kzFFGihSSAhK/view,fish sauce,0
1720,Premium Tata Tea,Tea & Coffee,0,premium tata tea,https://drive.google.com/file/d/1qlKTZqFwWViEnwUtInsWZrPqNTSmspq5/view,premium tata tea,0
1721,Dry Dates,Others,0,dry dates,https://drive.google.com/file/d/1GH2JCwMmu0iDqBf6SynoyEbGQulB7btX/view,dry dates,0
1722,Reeta SouapNuts,Others,0,reeta souapnuts,https://drive.google.com/file/d/1x3DMaskpuQ7xUKVa7VmmBJEWfdZPnKcW/view,reeta souapnuts,0
1723,Chinnamon Stick Dalchini,Spices & Masalas,0,chinnamon stick dalchini,https://drive.google.com/file/d/1INGXMzBMdwafVMvkHJsB90Sv9J3XjUFg/view,chinnamon stick dalchini,0
1724,Nuts & Seeds Crunch,Spices & Masalas,0,nuts & seeds crunch,https://drive.google.com/file/d/1lDrXQJ6UlMAh6YHiaD93HvLxXRpDh8M3/view,nuts & seeds crunch,0
1725,Rush Elaichi,Spices & Masalas,0,rush elaichi,https://drive.google.com/file/d/1KmOqcJuID31O2BqG28XsmPUBy0K_1_VN/view,rush elaichi,0
1726,Bru Green Label,Tea & Coffee,0,bru green label,https://drive.google.com/file/d/17IQUppk6YpXFyLOPc_odw13QcTijJo5c/view,bru green label,0
1727,Iff Mango fLAVOUR,Others,0,iff mango flavour,https://drive.google.com/file/d/1eIm7PQm2gnEc44hicgMQ6yFYQBd84O_f/view,iff mango flavour,0
1728,Pakrika Pow,Others,0,pakrika pow,https://drive.google.com/file/d/1D1I7yT_8dbGfTPJl1wswy9vWU7bwpuay/view,pakrika pow,0
1729,Sugar Sachets,Others,0,sugar sachets,https://drive.google.com/file/d/1ijTkA9MNjmCvok2IYvcHnh2uCZbvgIpy/view,sugar sachets,0
1730,Grb Ghee,Oils & Ghee,0,grb ghee,https://drive.google.com/file/d/19mJ9a8VXawZPcaCMUl13rayESFqdMf0R/view,grb ghee,0
1731,Sweet Corn,Rice & Flour,0,sweet corn,https://drive.google.com/file/d/1Ctz9lG_G73N9vPxRY23_XXK02JEec7j1/view,sweet corn,0
1732,Bansal Soya,Others,0,bansal soya,https://drive.google.com/file/d/1GM1bjJzWvyNihmb5sR425fPfmoNGiJvy/view,bansal soya,0
1733,Kings Mustard Oil,Oils & Ghee,0,kings mustard oil,https://drive.google.com/file/d/1BeUMuqZ0NXnOyyyhrSJDanW08ETMRKP5/view,kings mustard oil,0
1734,Del Monte Tomato Ketcheup,Others,0,del monte tomato ketcheup,https://drive.google.com/file/d/1mpPnsJEiSApnUUKT0igmDj_rCj0RHrPn/view,del monte tomato ketcheup,0
1735,JIT Polish and Dal,Pulses & Dals,0,jit polish and dal,https://drive.google.com/file/d/1DLVIqa49u5Qk2ant8J86cb2JrqgyoUAO/view,jit polish and dal,0
1736,Instant Hyderation Coconut,Others,0,instant hyderation coconut,https://drive.google.com/file/d/1gBusQ39LUS5cF36YqDstowEXrGxxJrll/view?usp=drivesdk,instant hyderation coconut,0
1737,Kulthi,Others,0,kulthi,https://drive.google.com/file/d/1T5H6U549mLeBfzaO-a7mYMolFGhG4mHZ/view?usp=drivesdk,kulthi,0
1738,S UDAD,Others,0,s udad,https://drive.google.com/file/d/1NUf07JyBvUWhnbiSclzqqnRkMZBjMcDm/view?usp=drivesdk,s udad,0
1739,Udad Dal,Others,0,udad dal,https://drive.google.com/file/d/1oJLtGSadptZwa6IGJgc_tnSv9JoSghDj/view?usp=drivesdk,udad dal,0
1740,"Jatamansi, Sangri",Others,0,"jatamansi, sangri",https://drive.google.com/file/d/1MelZzNqLndWGD822GjhOxQh9kdIesTDC/view?usp=drivesdk,"jatamansi, sangri",0
1741,Salted Peanuts,Others,0,salted peanuts,https://drive.google.com/file/d/1v90GlIk4uY_19QcrlSFi9Fp7oJOkIGKm/view?usp=drivesdk,salted peanuts,0
1742,Dried Pineapple Coin,Others,0,dried pineapple coin,https://drive.google.com/file/d/1RCRZK0ZtluE4RYPKU2Miee6smggxL6ZP/view?usp=drivesdk,dried pineapple coin,0
1743,Onion Flakes,Others,0,onion flakes,https://drive.google.com/file/d/169U4vuv8KX_VcP0ejlGoyS7Ye49AEYz6/view?usp=drivesdk,onion flakes,0
1744,Mishri Sugar Balls,Others,0,mishri sugar balls,https://drive.google.com/file/d/1GIGZJPr2hccR4dYfe6ZVAvv6NTlVyAwE/view?usp=drivesdk,mishri sugar balls,0
1745,Angel Dry Yeast,Others,0,angel dry yeast,https://drive.google.com/file/d/1hPy-A1FOXa6uY8-XkJQbNb9illJ4yoK-/view?usp=drivesdk,angel dry yeast,0
1746,Punjabi Rice Papad,Others,0,punjabi rice papad,https://drive.google.com/file/d/1o2kDcSkHHN8-8Br83lo-PuN5ZXMMwdjx/view?usp=drivesdk,punjabi rice papad,0
1747,Veeba Tomato Ketchup,Others,0,veeba tomato ketchup,https://drive.google.com/file/d/16woNf9ASDTTHZ_nrRqgysmfJL4aoEdjv/view?usp=drivesdk,veeba tomato ketchup,0
1748,Amul Butter,Others,0,amul butter,https://drive.google.com/file/d/1nYSxLHBVu_bEM_tYc5CmPUggNmu9FAWH/view?usp=drivesdk,amul butter,0
1749,Mango Crush,Others,0,mango crush,https://drive.google.com/file/d/1-18Is6YzXCuXBxnKQG_edkSisI6MDNdb/view?usp=drivesdk,mango crush,0
1750,Malas Orange Crush,Others,0,malas orange crush,https://drive.google.com/file/d/1zZTIQr2duSYRnkiYSaupwBuUpB3ZnEAu/view?usp=drivesdk,malas orange crush,0
1751,GC Mango Pulp,Others,0,gc mango pulp,https://drive.google.com/file/d/1Jrlv_wF-lbcENEkfIMuYg8Gtu8lguJfJ/view?usp=drivesdk,gc mango pulp,0
1752,Try Me Garlic Papad,Others,0,try me garlic papad,https://drive.google.com/file/d/1kR6Cah-HkLqtERPXcSIiFjoaeHoASnhy/view?usp=drivesdk,try me garlic papad,0
1753,999 Food Colour Powder,Others,0,999 food colour powder,https://drive.google.com/file/d/1BZDKy6APRK_KzHejDEXgNHeDKsr_NVaC/view?usp=drivesdk,999 food colour powder,0
1754,Kesari Rava,Others,0,kesari rava,https://drive.google.com/file/d/1eTNiH07RxfPCfdbmx1p7WQ8jGvJRJyPL/view?usp=drivesdk,kesari rava,0
1755,Knorr Sauce Powder,Others,0,knorr sauce powder,https://drive.google.com/file/d/13kxfemynfEwcaNjkbu8wBKmuJRSM4SSR/view?usp=drivesdk,knorr sauce powder,0
1756,Nieu Eggless Mayonnaise,Others,0,nieu eggless mayonnaise,https://drive.google.com/file/d/1HjSzPuePwzBN5GRU8Rj_CtPOo9VzFeNu/view?usp=drivesdk,nieu eggless mayonnaise,0
1757,Monin Serbut,Others,0,monin serbut,https://drive.google.com/file/d/14717901N-1ajOG61KvlAose5gaNFLCrk/view?usp=drivesdk,monin serbut,0
1758,Capsico Pepper,Others,0,capsico pepper,https://drive.google.com/file/d/1_oUyQOIP3VD_Pn02wkUz30t3aJIn-t4n/view?usp=drivesdk,capsico pepper,0
1759,Monin Vanila Syrup,Others,0,monin vanila syrup,https://drive.google.com/file/d/1p-9iNRjRURUPX8NltSkIk6J64ijevRsm/view?usp=drivesdk,monin vanila syrup,0
1760,Swastik Hing,Others,0,swastik hing,https://drive.google.com/file/d/1lw86rNjcm2j3raMbx9PdEzaNu8u5CO-f/view?usp=drivesdk,swastik hing,0
1761,Trishul Food Colour,Others,0,trishul food colour,https://drive.google.com/file/d/1iHQDUSvzqspfyDvOUNVXIRJGrIxRflwb/view?usp=drivesdk,trishul food colour,0
1762,Disco Papad,Others,0,disco papad,https://drive.google.com/file/d/1DAV4lrSQ80PLQOdsyAIVlVlxhhG3twA_/view?usp=drivesdk,disco papad,0
1763,Bikaner Bhujeya,Others,0,bikaner bhujeya,https://drive.google.com/file/d/19Tj97c3dZRl0nchbmJWW5DBhcB-3yOgM/view?usp=drivesdk,bikaner bhujeya,0
